{
  "gpu": "RTX_PRO_6000",
  "model": "guard1b",
  "max_tokens": 16,
  "gpu_price_usd_hr": 3.03,
  "vram_gb": 96,
  "force_generate": false,
  "mean_out_tokens_saturated": 4.3,
  "qps_per_replica": 544.319,
  "latency_s_unloaded": 0.026021386000024904,
  "tok_per_s_saturated": 2343.9,
  "goodput_at_saturation": 0.542,
  "j_per_tok_saturated": 0.0778,
  "avg_power_w_saturated": 182.7,
  "rungs": [
    {
      "concurrency": 1,
      "wall_s": 20.002,
      "n_completed": 633,
      "n_failed": 0,
      "req_per_s": 31.646,
      "tok_per_s": 136.3,
      "mean_out_tokens": 4.3,
      "goodput_req_per_s": 31.646,
      "ttft_ms_p50": 15.188296999895101,
      "ttft_ms_p95": 16.079977600020356,
      "ttft_ms_p99": 16.573340999980246,
      "tpot_ms_p50": 4.932209200001125,
      "tpot_ms_p95": 5.309813400003804,
      "e2el_ms_p50": 26.021386000024904,
      "e2el_ms_p95": 40.83020940001916,
      "e2el_ms_p99": 41.97205451996979,
      "energy_joules": 3870.5,
      "avg_power_w": 193.5,
      "j_per_req": 6.115,
      "j_per_tok": 1.4193
    },
    {
      "concurrency": 2,
      "wall_s": 20.037,
      "n_completed": 1098,
      "n_failed": 0,
      "req_per_s": 54.798,
      "tok_per_s": 236.3,
      "mean_out_tokens": 4.3,
      "goodput_req_per_s": 54.798,
      "ttft_ms_p50": 20.13460200004147,
      "ttft_ms_p95": 22.046245499950597,
      "ttft_ms_p99": 23.174236569988125,
      "tpot_ms_p50": 5.159958099989126,
      "tpot_ms_p95": 5.6010271750295715,
      "e2el_ms_p50": 31.903129500051364,
      "e2el_ms_p95": 48.081961799920236,
      "e2el_ms_p99": 50.025177100080775,
      "energy_joules": 3735.4,
      "avg_power_w": 186.8,
      "j_per_req": 3.402,
      "j_per_tok": 0.7891
    },
    {
      "concurrency": 4,
      "wall_s": 20.03,
      "n_completed": 1956,
      "n_failed": 0,
      "req_per_s": 97.656,
      "tok_per_s": 420.4,
      "mean_out_tokens": 4.3,
      "goodput_req_per_s": 97.656,
      "ttft_ms_p50": 22.6038359999734,
      "ttft_ms_p95": 24.082607999986294,
      "ttft_ms_p99": 25.62918195000634,
      "tpot_ms_p50": 5.5997498999886375,
      "tpot_ms_p95": 6.0254027000155475,
      "e2el_ms_p50": 35.16407350002737,
      "e2el_ms_p95": 52.07924649997153,
      "e2el_ms_p99": 53.34765895003102,
      "energy_joules": 3549.0,
      "avg_power_w": 177.5,
      "j_per_req": 1.814,
      "j_per_tok": 0.4214
    },
    {
      "concurrency": 8,
      "wall_s": 20.042,
      "n_completed": 3675,
      "n_failed": 0,
      "req_per_s": 183.363,
      "tok_per_s": 789.9,
      "mean_out_tokens": 4.3,
      "goodput_req_per_s": 183.363,
      "ttft_ms_p50": 23.95976500008601,
      "ttft_ms_p95": 26.131860999987556,
      "ttft_ms_p99": 29.670277600016558,
      "tpot_ms_p50": 5.927548499983004,
      "tpot_ms_p95": 6.396753149994083,
      "e2el_ms_p50": 37.34373199995389,
      "e2el_ms_p95": 55.37570570003254,
      "e2el_ms_p99": 57.44671659997266,
      "energy_joules": 3558.3,
      "avg_power_w": 178.2,
      "j_per_req": 0.968,
      "j_per_tok": 0.2248
    },
    {
      "concurrency": 16,
      "wall_s": 20.045,
      "n_completed": 6400,
      "n_failed": 0,
      "req_per_s": 319.277,
      "tok_per_s": 1374.5,
      "mean_out_tokens": 4.3,
      "goodput_req_per_s": 319.277,
      "ttft_ms_p50": 30.0343590000125,
      "ttft_ms_p95": 36.74557550001509,
      "ttft_ms_p99": 39.401395000013515,
      "tpot_ms_p50": 6.20651069999667,
      "tpot_ms_p95": 6.9356189999922435,
      "e2el_ms_p50": 46.12968650002358,
      "e2el_ms_p95": 64.54709640002534,
      "e2el_ms_p99": 68.4243259800519,
      "energy_joules": 3628.8,
      "avg_power_w": 181.9,
      "j_per_req": 0.567,
      "j_per_tok": 0.1317
    },
    {
      "concurrency": 32,
      "wall_s": 20.074,
      "n_completed": 8434,
      "n_failed": 0,
      "req_per_s": 420.138,
      "tok_per_s": 1808.7,
      "mean_out_tokens": 4.3,
      "goodput_req_per_s": 420.138,
      "ttft_ms_p50": 56.25287999993134,
      "ttft_ms_p95": 65.67889869996861,
      "ttft_ms_p99": 69.32674526996038,
      "tpot_ms_p50": 6.515761500025974,
      "tpot_ms_p95": 7.974902499984181,
      "e2el_ms_p50": 75.25699150005494,
      "e2el_ms_p95": 95.90816235001965,
      "e2el_ms_p99": 99.49792767008375,
      "energy_joules": 3719.5,
      "avg_power_w": 185.4,
      "j_per_req": 0.441,
      "j_per_tok": 0.1024
    },
    {
      "concurrency": 64,
      "wall_s": 20.071,
      "n_completed": 10488,
      "n_failed": 0,
      "req_per_s": 522.553,
      "tok_per_s": 2250.3,
      "mean_out_tokens": 4.3,
      "goodput_req_per_s": 522.553,
      "ttft_ms_p50": 96.76653849999184,
      "ttft_ms_p95": 109.81790484993326,
      "ttft_ms_p99": 114.87563052998438,
      "tpot_ms_p50": 8.223981300000105,
      "tpot_ms_p95": 10.806660744967758,
      "e2el_ms_p50": 121.20051900001272,
      "e2el_ms_p95": 147.97837015000823,
      "e2el_ms_p99": 154.46971939999003,
      "energy_joules": 3623.3,
      "avg_power_w": 180.7,
      "j_per_req": 0.345,
      "j_per_tok": 0.0802
    },
    {
      "concurrency": 128,
      "wall_s": 20.149,
      "n_completed": 10554,
      "n_failed": 0,
      "req_per_s": 523.803,
      "tok_per_s": 2255.1,
      "mean_out_tokens": 4.3,
      "goodput_req_per_s": 77.275,
      "ttft_ms_p50": 220.8084344999861,
      "ttft_ms_p95": 251.47556644994324,
      "ttft_ms_p99": 266.4813736999974,
      "tpot_ms_p50": 6.926821900003688,
      "tpot_ms_p95": 13.254336495011785,
      "e2el_ms_p50": 243.11495300003116,
      "e2el_ms_p95": 285.17864529999315,
      "e2el_ms_p99": 303.08774808998805,
      "energy_joules": 3707.2,
      "avg_power_w": 184.8,
      "j_per_req": 0.351,
      "j_per_tok": 0.0816
    },
    {
      "concurrency": 256,
      "wall_s": 20.302,
      "n_completed": 11051,
      "n_failed": 0,
      "req_per_s": 544.319,
      "tok_per_s": 2343.9,
      "mean_out_tokens": 4.3,
      "goodput_req_per_s": 0.542,
      "ttft_ms_p50": 439.87705099993946,
      "ttft_ms_p95": 489.24509200003286,
      "ttft_ms_p99": 513.8843800000359,
      "tpot_ms_p50": 8.219584800008306,
      "tpot_ms_p95": 19.95379149997234,
      "e2el_ms_p50": 466.7387389999931,
      "e2el_ms_p95": 518.3061110000153,
      "e2el_ms_p99": 553.6702839999634,
      "energy_joules": 3703.0,
      "avg_power_w": 182.7,
      "j_per_req": 0.335,
      "j_per_tok": 0.0778
    }
  ]
}