{
  "gpu": "RTX_PRO_6000",
  "model": "guard1b",
  "max_tokens": 600,
  "gpu_price_usd_hr": 3.03,
  "vram_gb": 96,
  "force_generate": true,
  "mean_out_tokens_saturated": 600.0,
  "qps_per_replica": 28.698,
  "latency_s_unloaded": 3.111237874000153,
  "tok_per_s_saturated": 17218.8,
  "goodput_at_saturation": 0.0,
  "j_per_tok_saturated": 0.0148,
  "avg_power_w_saturated": 255.0,
  "rungs": [
    {
      "concurrency": 1,
      "wall_s": 21.748,
      "n_completed": 7,
      "n_failed": 0,
      "req_per_s": 0.322,
      "tok_per_s": 193.1,
      "mean_out_tokens": 600.0,
      "goodput_req_per_s": 0.0,
      "ttft_ms_p50": 16.553908000105366,
      "ttft_ms_p95": 20.026561999929978,
      "ttft_ms_p99": 20.93713399995977,
      "tpot_ms_p50": 5.16560916026721,
      "tpot_ms_p95": 5.189153184641098,
      "e2el_ms_p50": 3111.237874000153,
      "e2el_ms_p95": 3128.0833648999533,
      "e2el_ms_p99": 3131.94946417992,
      "energy_joules": 4096.7,
      "avg_power_w": 188.7,
      "j_per_req": 585.249,
      "j_per_tok": 0.9754
    },
    {
      "concurrency": 2,
      "wall_s": 22.726,
      "n_completed": 14,
      "n_failed": 0,
      "req_per_s": 0.616,
      "tok_per_s": 369.6,
      "mean_out_tokens": 600.0,
      "goodput_req_per_s": 0.0,
      "ttft_ms_p50": 21.36829650009986,
      "ttft_ms_p95": 24.59175449992017,
      "ttft_ms_p99": 24.886443699883785,
      "tpot_ms_p50": 5.383760611018301,
      "tpot_ms_p95": 5.426532493572779,
      "e2el_ms_p50": 3243.272298000079,
      "e2el_ms_p95": 3271.448298000041,
      "e2el_ms_p99": 3271.890932400138,
      "energy_joules": 4120.4,
      "avg_power_w": 181.3,
      "j_per_req": 294.314,
      "j_per_tok": 0.4905
    },
    {
      "concurrency": 4,
      "wall_s": 22.92,
      "n_completed": 28,
      "n_failed": 0,
      "req_per_s": 1.222,
      "tok_per_s": 733.0,
      "mean_out_tokens": 600.0,
      "goodput_req_per_s": 0.0,
      "ttft_ms_p50": 26.06194499992398,
      "ttft_ms_p95": 28.605697000011787,
      "ttft_ms_p99": 28.696959600006267,
      "tpot_ms_p50": 5.412492636894729,
      "tpot_ms_p95": 5.478023164440767,
      "e2el_ms_p50": 3270.1023229999464,
      "e2el_ms_p95": 3306.857825999964,
      "e2el_ms_p99": 3307.5277189999133,
      "energy_joules": 4195.2,
      "avg_power_w": 183.1,
      "j_per_req": 149.827,
      "j_per_tok": 0.2497
    },
    {
      "concurrency": 8,
      "wall_s": 23.134,
      "n_completed": 56,
      "n_failed": 0,
      "req_per_s": 2.421,
      "tok_per_s": 1452.4,
      "mean_out_tokens": 600.0,
      "goodput_req_per_s": 0.0,
      "ttft_ms_p50": 31.348775499964177,
      "ttft_ms_p95": 34.037775000058446,
      "ttft_ms_p99": 34.14957149992688,
      "tpot_ms_p50": 5.466339884808118,
      "tpot_ms_p95": 5.495903819699622,
      "e2el_ms_p50": 3305.620911000119,
      "e2el_ms_p95": 3321.9047887499755,
      "e2el_ms_p99": 3321.9293234499446,
      "energy_joules": 4381.4,
      "avg_power_w": 189.6,
      "j_per_req": 78.24,
      "j_per_tok": 0.1304
    },
    {
      "concurrency": 16,
      "wall_s": 20.301,
      "n_completed": 96,
      "n_failed": 0,
      "req_per_s": 4.729,
      "tok_per_s": 2837.2,
      "mean_out_tokens": 600.0,
      "goodput_req_per_s": 0.0,
      "ttft_ms_p50": 40.684078500021315,
      "ttft_ms_p95": 44.4548537499827,
      "ttft_ms_p99": 44.571797000003244,
      "tpot_ms_p50": 5.580509315525937,
      "tpot_ms_p95": 5.591777579298975,
      "e2el_ms_p50": 3382.5527749999083,
      "e2el_ms_p95": 3393.8630815001716,
      "e2el_ms_p99": 3393.9741489999733,
      "energy_joules": 4037.6,
      "avg_power_w": 199.1,
      "j_per_req": 42.059,
      "j_per_tok": 0.0701
    },
    {
      "concurrency": 32,
      "wall_s": 21.542,
      "n_completed": 192,
      "n_failed": 0,
      "req_per_s": 8.913,
      "tok_per_s": 5347.7,
      "mean_out_tokens": 600.0,
      "goodput_req_per_s": 0.0,
      "ttft_ms_p50": 59.389715000065735,
      "ttft_ms_p95": 62.63803100000587,
      "ttft_ms_p99": 63.050451799820166,
      "tpot_ms_p50": 5.901242689482599,
      "tpot_ms_p95": 5.913132399832792,
      "e2el_ms_p50": 3595.38337999993,
      "e2el_ms_p95": 3602.589956500003,
      "e2el_ms_p99": 3602.700357000001,
      "energy_joules": 4492.5,
      "avg_power_w": 209.2,
      "j_per_req": 23.399,
      "j_per_tok": 0.039
    },
    {
      "concurrency": 64,
      "wall_s": 23.23,
      "n_completed": 384,
      "n_failed": 0,
      "req_per_s": 16.531,
      "tok_per_s": 9918.3,
      "mean_out_tokens": 600.0,
      "goodput_req_per_s": 0.0,
      "ttft_ms_p50": 97.77256399991074,
      "ttft_ms_p95": 112.31938949999856,
      "ttft_ms_p99": 113.41265044005922,
      "tpot_ms_p50": 6.276923702003145,
      "tpot_ms_p95": 6.373691856427537,
      "e2el_ms_p50": 3862.982236000107,
      "e2el_ms_p95": 3924.899055999981,
      "e2el_ms_p99": 3930.3604371000824,
      "energy_joules": 5137.3,
      "avg_power_w": 221.7,
      "j_per_req": 13.378,
      "j_per_tok": 0.0223
    },
    {
      "concurrency": 128,
      "wall_s": 22.565,
      "n_completed": 640,
      "n_failed": 0,
      "req_per_s": 28.362,
      "tok_per_s": 17017.5,
      "mean_out_tokens": 600.0,
      "goodput_req_per_s": 0.0,
      "ttft_ms_p50": 175.13952650006104,
      "ttft_ms_p95": 206.98817550005515,
      "ttft_ms_p99": 251.99888420006118,
      "tpot_ms_p50": 7.2210784891484945,
      "tpot_ms_p95": 7.329256709599268,
      "e2el_ms_p50": 4499.811786500118,
      "e2el_ms_p95": 4586.702792499966,
      "e2el_ms_p99": 4602.292245000067,
      "energy_joules": 5932.7,
      "avg_power_w": 264.1,
      "j_per_req": 9.27,
      "j_per_tok": 0.0154
    },
    {
      "concurrency": 256,
      "wall_s": 26.761,
      "n_completed": 768,
      "n_failed": 0,
      "req_per_s": 28.698,
      "tok_per_s": 17218.8,
      "mean_out_tokens": 600.0,
      "goodput_req_per_s": 0.0,
      "ttft_ms_p50": 372.43594950007264,
      "ttft_ms_p95": 838.8819255000726,
      "ttft_ms_p99": 1028.7447699700056,
      "tpot_ms_p50": 14.128852775459112,
      "tpot_ms_p95": 14.777473811602666,
      "e2el_ms_p50": 8952.248944000075,
      "e2el_ms_p95": 9206.952615999888,
      "e2el_ms_p99": 9216.627574830045,
      "energy_joules": 6811.4,
      "avg_power_w": 255.0,
      "j_per_req": 8.869,
      "j_per_tok": 0.0148
    }
  ]
}