{
  "gpu": "L40S",
  "model": "guard8b",
  "max_tokens": 600,
  "gpu_price_usd_hr": 1.95,
  "vram_gb": 48,
  "force_generate": true,
  "mean_out_tokens_saturated": 600.0,
  "qps_per_replica": 8.784,
  "latency_s_unloaded": 12.888647007999907,
  "tok_per_s_saturated": 5270.1,
  "goodput_at_saturation": 0.0,
  "j_per_tok_saturated": 0.0658,
  "avg_power_w_saturated": 347.7,
  "rungs": [
    {
      "concurrency": 1,
      "wall_s": 25.777,
      "n_completed": 2,
      "n_failed": 0,
      "req_per_s": 0.078,
      "tok_per_s": 46.6,
      "mean_out_tokens": 600.0,
      "goodput_req_per_s": 0.0,
      "ttft_ms_p50": 35.615841999970144,
      "ttft_ms_p95": 38.01715450008487,
      "ttft_ms_p99": 38.23060450009507,
      "tpot_ms_p50": 21.457481078464,
      "tpot_ms_p95": 21.457993131886376,
      "e2el_ms_p50": 12888.647007999907,
      "e2el_ms_p95": 12890.74160050002,
      "e2el_ms_p99": 12890.92778650003,
      "energy_joules": 6856.1,
      "avg_power_w": 266.1,
      "j_per_req": 3428.046,
      "j_per_tok": 5.7134
    },
    {
      "concurrency": 2,
      "wall_s": 26.98,
      "n_completed": 4,
      "n_failed": 0,
      "req_per_s": 0.148,
      "tok_per_s": 89.0,
      "mean_out_tokens": 600.0,
      "goodput_req_per_s": 0.0,
      "ttft_ms_p50": 47.250779500018325,
      "ttft_ms_p95": 56.166116500094176,
      "ttft_ms_p99": 57.36554890006573,
      "tpot_ms_p50": 22.43332879465765,
      "tpot_ms_p95": 22.435410011769118,
      "e2el_ms_p50": 13483.890155499921,
      "e2el_ms_p95": 13493.848524349914,
      "e2el_ms_p99": 13495.232351269942,
      "energy_joules": 6861.1,
      "avg_power_w": 255.2,
      "j_per_req": 1715.277,
      "j_per_tok": 2.8588
    },
    {
      "concurrency": 4,
      "wall_s": 27.167,
      "n_completed": 8,
      "n_failed": 0,
      "req_per_s": 0.294,
      "tok_per_s": 176.7,
      "mean_out_tokens": 600.0,
      "goodput_req_per_s": 0.0,
      "ttft_ms_p50": 47.6504670000395,
      "ttft_ms_p95": 60.575836800308025,
      "ttft_ms_p99": 60.66020416041283,
      "tpot_ms_p50": 22.58668445158594,
      "tpot_ms_p95": 22.587886748998677,
      "e2el_ms_p50": 13576.875546500105,
      "e2el_ms_p95": 13590.2234996003,
      "e2el_ms_p99": 13590.257722320379,
      "energy_joules": 7091.7,
      "avg_power_w": 261.9,
      "j_per_req": 886.46,
      "j_per_tok": 1.4774
    },
    {
      "concurrency": 8,
      "wall_s": 27.678,
      "n_completed": 16,
      "n_failed": 0,
      "req_per_s": 0.578,
      "tok_per_s": 346.8,
      "mean_out_tokens": 600.0,
      "goodput_req_per_s": 0.0,
      "ttft_ms_p50": 66.99443399998017,
      "ttft_ms_p95": 72.12812899979326,
      "ttft_ms_p99": 72.24660019983276,
      "tpot_ms_p50": 22.987966373956912,
      "tpot_ms_p95": 22.98911314148608,
      "e2el_ms_p50": 13836.76594700023,
      "e2el_ms_p95": 13841.901233249928,
      "e2el_ms_p99": 13841.956522649934,
      "energy_joules": 7569.3,
      "avg_power_w": 273.5,
      "j_per_req": 473.08,
      "j_per_tok": 0.7885
    },
    {
      "concurrency": 16,
      "wall_s": 28.604,
      "n_completed": 32,
      "n_failed": 0,
      "req_per_s": 1.119,
      "tok_per_s": 671.2,
      "mean_out_tokens": 600.0,
      "goodput_req_per_s": 0.0,
      "ttft_ms_p50": 74.1283585000474,
      "ttft_ms_p95": 77.1449860498933,
      "ttft_ms_p99": 77.25851442989097,
      "tpot_ms_p50": 23.749538316360336,
      "tpot_ms_p95": 23.752804741652714,
      "e2el_ms_p50": 14299.573751000025,
      "e2el_ms_p95": 14304.811940999865,
      "e2el_ms_p99": 14304.879831260092,
      "energy_joules": 8229.5,
      "avg_power_w": 287.9,
      "j_per_req": 257.172,
      "j_per_tok": 0.4286
    },
    {
      "concurrency": 32,
      "wall_s": 31.916,
      "n_completed": 64,
      "n_failed": 0,
      "req_per_s": 2.005,
      "tok_per_s": 1203.2,
      "mean_out_tokens": 600.0,
      "goodput_req_per_s": 0.0,
      "ttft_ms_p50": 96.0965244998988,
      "ttft_ms_p95": 99.76876304967845,
      "ttft_ms_p99": 100.07925345985768,
      "tpot_ms_p50": 26.47733924624362,
      "tpot_ms_p95": 26.481492895158713,
      "e2el_ms_p50": 15955.73830300009,
      "e2el_ms_p95": 15961.613960800014,
      "e2el_ms_p99": 15961.973126629828,
      "energy_joules": 9859.1,
      "avg_power_w": 309.0,
      "j_per_req": 154.048,
      "j_per_tok": 0.2567
    },
    {
      "concurrency": 64,
      "wall_s": 36.047,
      "n_completed": 128,
      "n_failed": 0,
      "req_per_s": 3.551,
      "tok_per_s": 2130.6,
      "mean_out_tokens": 600.0,
      "goodput_req_per_s": 0.0,
      "ttft_ms_p50": 131.01999400009845,
      "ttft_ms_p95": 151.84540255006596,
      "ttft_ms_p99": 152.31430867993367,
      "tpot_ms_p50": 29.854010121869486,
      "tpot_ms_p95": 29.865075971535614,
      "e2el_ms_p50": 18016.36348150009,
      "e2el_ms_p95": 18023.08445974993,
      "e2el_ms_p99": 18023.36338122977,
      "energy_joules": 11763.5,
      "avg_power_w": 326.4,
      "j_per_req": 91.903,
      "j_per_tok": 0.1532
    },
    {
      "concurrency": 128,
      "wall_s": 21.671,
      "n_completed": 128,
      "n_failed": 0,
      "req_per_s": 5.907,
      "tok_per_s": 3543.9,
      "mean_out_tokens": 600.0,
      "goodput_req_per_s": 0.0,
      "ttft_ms_p50": 209.2598364999958,
      "ttft_ms_p95": 212.89955585002645,
      "ttft_ms_p99": 213.73110365982484,
      "tpot_ms_p50": 35.821317641902745,
      "tpot_ms_p95": 35.861670082137,
      "e2el_ms_p50": 21664.471284499996,
      "e2el_ms_p95": 21668.407822499852,
      "e2el_ms_p99": 21669.21248899016,
      "energy_joules": 7512.3,
      "avg_power_w": 347.4,
      "j_per_req": 58.689,
      "j_per_tok": 0.0978
    },
    {
      "concurrency": 256,
      "wall_s": 29.145,
      "n_completed": 256,
      "n_failed": 0,
      "req_per_s": 8.784,
      "tok_per_s": 5270.1,
      "mean_out_tokens": 600.0,
      "goodput_req_per_s": 0.0,
      "ttft_ms_p50": 599.1938620002202,
      "ttft_ms_p95": 761.8388327498451,
      "ttft_ms_p99": 763.8146330001291,
      "tpot_ms_p50": 47.602130378130084,
      "tpot_ms_p95": 47.86197126377324,
      "e2el_ms_p50": 29111.235050000003,
      "e2el_ms_p95": 29141.607721000015,
      "e2el_ms_p99": 29143.704681599844,
      "energy_joules": 10104.1,
      "avg_power_w": 347.7,
      "j_per_req": 39.469,
      "j_per_tok": 0.0658
    }
  ]
}