{
  "gpu": "L40S",
  "model": "guard8b",
  "max_tokens": 16,
  "gpu_price_usd_hr": 1.95,
  "vram_gb": 48,
  "force_generate": false,
  "mean_out_tokens_saturated": 4.2,
  "qps_per_replica": 679.724,
  "latency_s_unloaded": 0.09165537700005189,
  "tok_per_s_saturated": 2852.1,
  "goodput_at_saturation": 227.0,
  "j_per_tok_saturated": 0.12,
  "avg_power_w_saturated": 343.8,
  "rungs": [
    {
      "concurrency": 1,
      "wall_s": 20.05,
      "n_completed": 170,
      "n_failed": 0,
      "req_per_s": 8.479,
      "tok_per_s": 35.9,
      "mean_out_tokens": 4.2,
      "goodput_req_per_s": 8.479,
      "ttft_ms_p50": 48.5140494999996,
      "ttft_ms_p95": 49.38136274984117,
      "ttft_ms_p99": 52.76824908990877,
      "tpot_ms_p50": 21.40342404995863,
      "tpot_ms_p95": 21.585872225125513,
      "e2el_ms_p50": 91.65537700005189,
      "e2el_ms_p95": 156.17135515005884,
      "e2el_ms_p99": 169.35591113991913,
      "energy_joules": 5283.0,
      "avg_power_w": 263.6,
      "j_per_req": 31.076,
      "j_per_tok": 7.3476
    },
    {
      "concurrency": 2,
      "wall_s": 20.085,
      "n_completed": 296,
      "n_failed": 0,
      "req_per_s": 14.737,
      "tok_per_s": 62.4,
      "mean_out_tokens": 4.2,
      "goodput_req_per_s": 14.737,
      "ttft_ms_p50": 65.81584349964942,
      "ttft_ms_p95": 69.63758324991431,
      "ttft_ms_p99": 72.27234785016208,
      "tpot_ms_p50": 22.174341249865392,
      "tpot_ms_p95": 22.73137604997828,
      "e2el_ms_p50": 111.08212600015577,
      "e2el_ms_p95": 177.7906342500728,
      "e2el_ms_p99": 185.65403454977059,
      "energy_joules": 5194.6,
      "avg_power_w": 259.3,
      "j_per_req": 17.549,
      "j_per_tok": 4.1457
    },
    {
      "concurrency": 4,
      "wall_s": 20.17,
      "n_completed": 580,
      "n_failed": 0,
      "req_per_s": 28.756,
      "tok_per_s": 120.9,
      "mean_out_tokens": 4.2,
      "goodput_req_per_s": 28.756,
      "ttft_ms_p50": 67.00906599985501,
      "ttft_ms_p95": 68.88163005000933,
      "ttft_ms_p99": 69.4744977500477,
      "tpot_ms_p50": 22.34645849989647,
      "tpot_ms_p95": 22.81266762495306,
      "e2el_ms_p50": 112.64502449989777,
      "e2el_ms_p95": 180.36941430023035,
      "e2el_ms_p99": 181.63360391975402,
      "energy_joules": 5286.8,
      "avg_power_w": 262.8,
      "j_per_req": 9.115,
      "j_per_tok": 2.1676
    },
    {
      "concurrency": 8,
      "wall_s": 20.166,
      "n_completed": 1127,
      "n_failed": 0,
      "req_per_s": 55.885,
      "tok_per_s": 234.9,
      "mean_out_tokens": 4.2,
      "goodput_req_per_s": 55.885,
      "ttft_ms_p50": 69.14870500031611,
      "ttft_ms_p95": 71.29160109975601,
      "ttft_ms_p99": 72.29164131980724,
      "tpot_ms_p50": 22.911430400017707,
      "tpot_ms_p95": 23.70679194989407,
      "e2el_ms_p50": 116.34116300001551,
      "e2el_ms_p95": 186.25026780018743,
      "e2el_ms_p99": 187.61077064000347,
      "energy_joules": 5514.1,
      "avg_power_w": 274.1,
      "j_per_req": 4.893,
      "j_per_tok": 1.164
    },
    {
      "concurrency": 16,
      "wall_s": 20.181,
      "n_completed": 2120,
      "n_failed": 0,
      "req_per_s": 105.051,
      "tok_per_s": 441.0,
      "mean_out_tokens": 4.2,
      "goodput_req_per_s": 105.051,
      "ttft_ms_p50": 73.49307249978665,
      "ttft_ms_p95": 75.48382065021997,
      "ttft_ms_p99": 76.67475456028569,
      "tpot_ms_p50": 24.417620000008355,
      "tpot_ms_p95": 25.13062382510043,
      "e2el_ms_p50": 123.39110899984007,
      "e2el_ms_p95": 197.26791329990192,
      "e2el_ms_p99": 198.5066717198697,
      "energy_joules": 5976.5,
      "avg_power_w": 297.1,
      "j_per_req": 2.819,
      "j_per_tok": 0.6715
    },
    {
      "concurrency": 32,
      "wall_s": 20.19,
      "n_completed": 3937,
      "n_failed": 0,
      "req_per_s": 194.996,
      "tok_per_s": 818.8,
      "mean_out_tokens": 4.2,
      "goodput_req_per_s": 194.996,
      "ttft_ms_p50": 79.30086599981223,
      "ttft_ms_p95": 81.1522664000222,
      "ttft_ms_p99": 82.25769276001301,
      "tpot_ms_p50": 26.305355499971483,
      "tpot_ms_p95": 27.04548729993803,
      "e2el_ms_p50": 132.6293369997984,
      "e2el_ms_p95": 212.60937259994535,
      "e2el_ms_p99": 214.28216136006085,
      "energy_joules": 6428.6,
      "avg_power_w": 319.6,
      "j_per_req": 1.633,
      "j_per_tok": 0.3889
    },
    {
      "concurrency": 64,
      "wall_s": 20.193,
      "n_completed": 7092,
      "n_failed": 0,
      "req_per_s": 351.21,
      "tok_per_s": 1474.0,
      "mean_out_tokens": 4.2,
      "goodput_req_per_s": 351.21,
      "ttft_ms_p50": 87.55767749994448,
      "ttft_ms_p95": 89.82321445005255,
      "ttft_ms_p99": 115.4852943901324,
      "tpot_ms_p50": 29.165631900059452,
      "tpot_ms_p95": 30.001288100061174,
      "e2el_ms_p50": 146.7156984997473,
      "e2el_ms_p95": 235.36248074992727,
      "e2el_ms_p99": 259.9926772502704,
      "energy_joules": 6955.4,
      "avg_power_w": 346.0,
      "j_per_req": 0.981,
      "j_per_tok": 0.2337
    },
    {
      "concurrency": 128,
      "wall_s": 20.212,
      "n_completed": 11185,
      "n_failed": 0,
      "req_per_s": 553.382,
      "tok_per_s": 2321.6,
      "mean_out_tokens": 4.2,
      "goodput_req_per_s": 548.089,
      "ttft_ms_p50": 120.62895600001866,
      "ttft_ms_p95": 141.3140859998748,
      "ttft_ms_p99": 163.44086288010652,
      "tpot_ms_p50": 34.064552500012724,
      "tpot_ms_p95": 37.50020840006982,
      "e2el_ms_p50": 205.94172900018748,
      "e2el_ms_p95": 310.59293560001606,
      "e2el_ms_p99": 325.19832923997456,
      "energy_joules": 7001.2,
      "avg_power_w": 346.6,
      "j_per_req": 0.626,
      "j_per_tok": 0.1492
    },
    {
      "concurrency": 256,
      "wall_s": 20.379,
      "n_completed": 13852,
      "n_failed": 0,
      "req_per_s": 679.724,
      "tok_per_s": 2852.1,
      "mean_out_tokens": 4.2,
      "goodput_req_per_s": 227.0,
      "ttft_ms_p50": 216.76359399998546,
      "ttft_ms_p95": 288.6042937499496,
      "ttft_ms_p99": 317.5445951199936,
      "tpot_ms_p50": 48.84534205009459,
      "tpot_ms_p95": 58.6902428500025,
      "e2el_ms_p50": 357.3489775001235,
      "e2el_ms_p95": 535.123804400132,
      "e2el_ms_p99": 582.3493068199559,
      "energy_joules": 6972.0,
      "avg_power_w": 343.8,
      "j_per_req": 0.503,
      "j_per_tok": 0.12
    }
  ]
}