{
  "gpu": "A100_80GB",
  "model": "guard1b",
  "max_tokens": 16,
  "gpu_price_usd_hr": 2.5,
  "vram_gb": 80,
  "force_generate": false,
  "mean_out_tokens_saturated": 4.3,
  "qps_per_replica": 350.758,
  "latency_s_unloaded": 0.06508893550002881,
  "tok_per_s_saturated": 1509.9,
  "goodput_at_saturation": 1.381,
  "j_per_tok_saturated": 0.0685,
  "avg_power_w_saturated": 103.8,
  "rungs": [
    {
      "concurrency": 1,
      "wall_s": 20.055,
      "n_completed": 250,
      "n_failed": 0,
      "req_per_s": 12.466,
      "tok_per_s": 54.2,
      "mean_out_tokens": 4.3,
      "goodput_req_per_s": 12.466,
      "ttft_ms_p50": 35.071692000002486,
      "ttft_ms_p95": 37.87280490001592,
      "ttft_ms_p99": 40.345008170006615,
      "tpot_ms_p50": 13.316924500003324,
      "tpot_ms_p95": 14.299171624990947,
      "e2el_ms_p50": 65.08893550002881,
      "e2el_ms_p95": 105.65952935000666,
      "e2el_ms_p99": 108.54835333000437,
      "energy_joules": 1912.0,
      "avg_power_w": 95.5,
      "j_per_req": 7.648,
      "j_per_tok": 1.7606
    },
    {
      "concurrency": 2,
      "wall_s": 20.03,
      "n_completed": 470,
      "n_failed": 0,
      "req_per_s": 23.465,
      "tok_per_s": 101.5,
      "mean_out_tokens": 4.3,
      "goodput_req_per_s": 23.465,
      "ttft_ms_p50": 39.90134599999351,
      "ttft_ms_p95": 44.453936549996335,
      "ttft_ms_p99": 48.44109233998495,
      "tpot_ms_p50": 13.38324710000336,
      "tpot_ms_p95": 14.802578715001005,
      "e2el_ms_p50": 71.90745299999435,
      "e2el_ms_p95": 113.49499355002592,
      "e2el_ms_p99": 117.88139646999184,
      "energy_joules": 1921.4,
      "avg_power_w": 96.0,
      "j_per_req": 4.088,
      "j_per_tok": 0.9446
    },
    {
      "concurrency": 4,
      "wall_s": 20.088,
      "n_completed": 914,
      "n_failed": 0,
      "req_per_s": 45.5,
      "tok_per_s": 195.8,
      "mean_out_tokens": 4.3,
      "goodput_req_per_s": 45.5,
      "ttft_ms_p50": 41.63272400001006,
      "ttft_ms_p95": 45.41795520002267,
      "ttft_ms_p99": 47.1791055600022,
      "tpot_ms_p50": 13.80808939999838,
      "tpot_ms_p95": 15.047601225001017,
      "e2el_ms_p50": 73.15569300001812,
      "e2el_ms_p95": 116.1264316500052,
      "e2el_ms_p99": 121.98235635999595,
      "energy_joules": 1909.6,
      "avg_power_w": 95.5,
      "j_per_req": 2.089,
      "j_per_tok": 0.4855
    },
    {
      "concurrency": 8,
      "wall_s": 20.103,
      "n_completed": 1681,
      "n_failed": 0,
      "req_per_s": 83.621,
      "tok_per_s": 360.4,
      "mean_out_tokens": 4.3,
      "goodput_req_per_s": 83.621,
      "ttft_ms_p50": 44.452788000000965,
      "ttft_ms_p95": 62.47985300001346,
      "ttft_ms_p99": 82.463018999988,
      "tpot_ms_p50": 14.59152699999322,
      "tpot_ms_p95": 16.63862550000772,
      "e2el_ms_p50": 80.37669099996947,
      "e2el_ms_p95": 128.48468100003174,
      "e2el_ms_p99": 163.04456300001675,
      "energy_joules": 1913.6,
      "avg_power_w": 95.6,
      "j_per_req": 1.138,
      "j_per_tok": 0.2641
    },
    {
      "concurrency": 16,
      "wall_s": 20.083,
      "n_completed": 2933,
      "n_failed": 0,
      "req_per_s": 146.046,
      "tok_per_s": 629.0,
      "mean_out_tokens": 4.3,
      "goodput_req_per_s": 146.046,
      "ttft_ms_p50": 58.4900750000088,
      "ttft_ms_p95": 72.93646579998955,
      "ttft_ms_p99": 132.8699335999908,
      "tpot_ms_p50": 15.152236799985985,
      "tpot_ms_p95": 17.52737260003414,
      "e2el_ms_p50": 96.43619799999215,
      "e2el_ms_p95": 145.75775520002026,
      "e2el_ms_p99": 220.12230932000855,
      "energy_joules": 1963.8,
      "avg_power_w": 98.2,
      "j_per_req": 0.67,
      "j_per_tok": 0.1555
    },
    {
      "concurrency": 32,
      "wall_s": 20.125,
      "n_completed": 5165,
      "n_failed": 0,
      "req_per_s": 256.649,
      "tok_per_s": 1105.2,
      "mean_out_tokens": 4.3,
      "goodput_req_per_s": 255.357,
      "ttft_ms_p50": 68.26869099995747,
      "ttft_ms_p95": 94.67826919999425,
      "ttft_ms_p99": 135.90664659993297,
      "tpot_ms_p50": 15.737286000012318,
      "tpot_ms_p95": 18.09444879997955,
      "e2el_ms_p50": 116.98154099997282,
      "e2el_ms_p95": 166.71952060000876,
      "e2el_ms_p99": 216.6673199599835,
      "energy_joules": 2077.9,
      "avg_power_w": 103.4,
      "j_per_req": 0.402,
      "j_per_tok": 0.0934
    },
    {
      "concurrency": 64,
      "wall_s": 20.112,
      "n_completed": 6712,
      "n_failed": 0,
      "req_per_s": 333.728,
      "tok_per_s": 1436.6,
      "mean_out_tokens": 4.3,
      "goodput_req_per_s": 333.728,
      "ttft_ms_p50": 141.15000899994357,
      "ttft_ms_p95": 169.3899750000071,
      "ttft_ms_p99": 178.6563148200538,
      "tpot_ms_p50": 16.056579749971434,
      "tpot_ms_p95": 20.324606384989465,
      "e2el_ms_p50": 190.19805749996976,
      "e2el_ms_p95": 244.4034163500305,
      "e2el_ms_p99": 256.51804732005644,
      "energy_joules": 2097.7,
      "avg_power_w": 104.5,
      "j_per_req": 0.313,
      "j_per_tok": 0.0726
    },
    {
      "concurrency": 128,
      "wall_s": 20.27,
      "n_completed": 7110,
      "n_failed": 0,
      "req_per_s": 350.758,
      "tok_per_s": 1509.9,
      "mean_out_tokens": 4.3,
      "goodput_req_per_s": 1.381,
      "ttft_ms_p50": 270.85440599995536,
      "ttft_ms_p95": 394.3163689500066,
      "ttft_ms_p99": 693.3693816498999,
      "tpot_ms_p50": 23.84144400000423,
      "tpot_ms_p95": 33.21510555001339,
      "e2el_ms_p50": 345.45877549999204,
      "e2el_ms_p95": 464.1509774000206,
      "e2el_ms_p99": 746.649571549982,
      "energy_joules": 2096.5,
      "avg_power_w": 103.8,
      "j_per_req": 0.295,
      "j_per_tok": 0.0685
    },
    {
      "concurrency": 256,
      "wall_s": 20.551,
      "n_completed": 6500,
      "n_failed": 0,
      "req_per_s": 316.289,
      "tok_per_s": 1361.8,
      "mean_out_tokens": 4.3,
      "goodput_req_per_s": 0.0,
      "ttft_ms_p50": 728.7824709999882,
      "ttft_ms_p95": 1003.5642606499775,
      "ttft_ms_p99": 1142.4404713900178,
      "tpot_ms_p50": 19.431649300008758,
      "tpot_ms_p95": 38.06176589999379,
      "e2el_ms_p50": 787.1947255000009,
      "e2el_ms_p95": 1085.6531221000794,
      "e2el_ms_p99": 1226.7661092599974,
      "energy_joules": 2064.9,
      "avg_power_w": 100.6,
      "j_per_req": 0.318,
      "j_per_tok": 0.0738
    }
  ]
}