{
  "gpu": "A100_80GB",
  "model": "guard1b",
  "max_tokens": 600,
  "gpu_price_usd_hr": 2.5,
  "vram_gb": 80,
  "force_generate": true,
  "mean_out_tokens_saturated": 600.0,
  "qps_per_replica": 17.124,
  "latency_s_unloaded": 7.807185175999962,
  "tok_per_s_saturated": 10274.3,
  "goodput_at_saturation": 0.0,
  "j_per_tok_saturated": 0.0176,
  "avg_power_w_saturated": 180.8,
  "rungs": [
    {
      "concurrency": 1,
      "wall_s": 23.92,
      "n_completed": 3,
      "n_failed": 0,
      "req_per_s": 0.125,
      "tok_per_s": 75.3,
      "mean_out_tokens": 600.0,
      "goodput_req_per_s": 0.0,
      "ttft_ms_p50": 33.09223799999472,
      "ttft_ms_p95": 46.41217050002524,
      "ttft_ms_p99": 47.59616450002795,
      "tpot_ms_p50": 12.979326797996732,
      "tpot_ms_p95": 13.707072585642809,
      "e2el_ms_p50": 7807.185175999962,
      "e2el_ms_p95": 8256.896267900062,
      "e2el_ms_p99": 8296.87058718007,
      "energy_joules": 2333.6,
      "avg_power_w": 97.8,
      "j_per_req": 777.875,
      "j_per_tok": 1.2965
    },
    {
      "concurrency": 2,
      "wall_s": 24.255,
      "n_completed": 6,
      "n_failed": 0,
      "req_per_s": 0.247,
      "tok_per_s": 148.4,
      "mean_out_tokens": 600.0,
      "goodput_req_per_s": 0.0,
      "ttft_ms_p50": 44.84955450004691,
      "ttft_ms_p95": 53.91297550002605,
      "ttft_ms_p99": 55.24858470003551,
      "tpot_ms_p50": 13.506452580133516,
      "tpot_ms_p95": 13.58278189565943,
      "e2el_ms_p50": 8132.465915500006,
      "e2el_ms_p95": 8175.782540500023,
      "e2el_ms_p99": 8175.828162500016,
      "energy_joules": 2322.8,
      "avg_power_w": 95.8,
      "j_per_req": 387.128,
      "j_per_tok": 0.6452
    },
    {
      "concurrency": 4,
      "wall_s": 24.476,
      "n_completed": 12,
      "n_failed": 0,
      "req_per_s": 0.49,
      "tok_per_s": 294.2,
      "mean_out_tokens": 600.0,
      "goodput_req_per_s": 0.0,
      "ttft_ms_p50": 54.11888999998382,
      "ttft_ms_p95": 57.36983234997979,
      "ttft_ms_p99": 57.512648870008434,
      "tpot_ms_p50": 13.509078010016609,
      "tpot_ms_p95": 13.666238784974912,
      "e2el_ms_p50": 8144.586172499999,
      "e2el_ms_p95": 8237.784635600025,
      "e2el_ms_p99": 8237.845218320072,
      "energy_joules": 2347.3,
      "avg_power_w": 96.1,
      "j_per_req": 195.608,
      "j_per_tok": 0.326
    },
    {
      "concurrency": 8,
      "wall_s": 25.173,
      "n_completed": 24,
      "n_failed": 0,
      "req_per_s": 0.953,
      "tok_per_s": 572.0,
      "mean_out_tokens": 600.0,
      "goodput_req_per_s": 0.0,
      "ttft_ms_p50": 64.0136375000111,
      "ttft_ms_p95": 66.05778785001348,
      "ttft_ms_p99": 66.92061759994317,
      "tpot_ms_p50": 13.87297232804675,
      "tpot_ms_p95": 14.338450439899784,
      "e2el_ms_p50": 8372.699522499943,
      "e2el_ms_p95": 8655.557566649935,
      "e2el_ms_p99": 8656.318410119977,
      "energy_joules": 2432.8,
      "avg_power_w": 96.7,
      "j_per_req": 101.365,
      "j_per_tok": 0.1689
    },
    {
      "concurrency": 16,
      "wall_s": 26.386,
      "n_completed": 48,
      "n_failed": 0,
      "req_per_s": 1.819,
      "tok_per_s": 1091.5,
      "mean_out_tokens": 600.0,
      "goodput_req_per_s": 0.0,
      "ttft_ms_p50": 87.04814249995252,
      "ttft_ms_p95": 89.705694849971,
      "ttft_ms_p99": 90.13913126999569,
      "tpot_ms_p50": 14.454273263772953,
      "tpot_ms_p95": 14.809573745576005,
      "e2el_ms_p50": 8739.232561499988,
      "e2el_ms_p95": 8959.638361550036,
      "e2el_ms_p99": 8960.51649223005,
      "energy_joules": 2571.7,
      "avg_power_w": 97.6,
      "j_per_req": 53.577,
      "j_per_tok": 0.0893
    },
    {
      "concurrency": 32,
      "wall_s": 25.598,
      "n_completed": 96,
      "n_failed": 0,
      "req_per_s": 3.75,
      "tok_per_s": 2250.2,
      "mean_out_tokens": 600.0,
      "goodput_req_per_s": 0.0,
      "ttft_ms_p50": 112.62689049999608,
      "ttft_ms_p95": 125.66110199998093,
      "ttft_ms_p99": 126.64613705007355,
      "tpot_ms_p50": 14.087031048413996,
      "tpot_ms_p95": 14.297881681552543,
      "e2el_ms_p50": 8562.994935000006,
      "e2el_ms_p95": 8678.648711500073,
      "e2el_ms_p99": 8679.74792660001,
      "energy_joules": 2640.1,
      "avg_power_w": 103.4,
      "j_per_req": 27.501,
      "j_per_tok": 0.0458
    },
    {
      "concurrency": 64,
      "wall_s": 27.383,
      "n_completed": 192,
      "n_failed": 0,
      "req_per_s": 7.012,
      "tok_per_s": 4207.1,
      "mean_out_tokens": 600.0,
      "goodput_req_per_s": 0.0,
      "ttft_ms_p50": 157.6113209999903,
      "ttft_ms_p95": 179.18740960002992,
      "ttft_ms_p99": 189.5834503699905,
      "tpot_ms_p50": 14.721326585141925,
      "tpot_ms_p95": 15.604542394073436,
      "e2el_ms_p50": 8993.344430000037,
      "e2el_ms_p95": 9512.747977700054,
      "e2el_ms_p99": 9513.990396059962,
      "energy_joules": 3049.3,
      "avg_power_w": 111.6,
      "j_per_req": 15.882,
      "j_per_tok": 0.0265
    },
    {
      "concurrency": 128,
      "wall_s": 20.444,
      "n_completed": 256,
      "n_failed": 0,
      "req_per_s": 12.522,
      "tok_per_s": 7513.2,
      "mean_out_tokens": 600.0,
      "goodput_req_per_s": 0.0,
      "ttft_ms_p50": 271.41097749995424,
      "ttft_ms_p95": 326.8156365000152,
      "ttft_ms_p99": 329.1628331500135,
      "tpot_ms_p50": 16.580767984140177,
      "tpot_ms_p95": 17.00437314649418,
      "e2el_ms_p50": 10175.355676500032,
      "e2el_ms_p95": 10497.215085999955,
      "e2el_ms_p99": 10501.508391900046,
      "energy_joules": 2614.2,
      "avg_power_w": 128.1,
      "j_per_req": 10.212,
      "j_per_tok": 0.017
    },
    {
      "concurrency": 256,
      "wall_s": 29.9,
      "n_completed": 512,
      "n_failed": 0,
      "req_per_s": 17.124,
      "tok_per_s": 10274.3,
      "mean_out_tokens": 600.0,
      "goodput_req_per_s": 0.0,
      "ttft_ms_p50": 499.03738749998183,
      "ttft_ms_p95": 839.2708389499887,
      "ttft_ms_p99": 1132.3243530800175,
      "tpot_ms_p50": 23.675138827212045,
      "tpot_ms_p95": 24.93513412036737,
      "e2el_ms_p50": 14865.724314000032,
      "e2el_ms_p95": 15474.22738950001,
      "e2el_ms_p99": 15479.873516259951,
      "energy_joules": 5401.4,
      "avg_power_w": 180.8,
      "j_per_req": 10.55,
      "j_per_tok": 0.0176
    }
  ]
}