{
  "gpu": "A100_40GB",
  "model": "guard8b",
  "max_tokens": 16,
  "gpu_price_usd_hr": 2.1,
  "vram_gb": 40,
  "force_generate": false,
  "mean_out_tokens_saturated": 4.2,
  "qps_per_replica": 329.111,
  "latency_s_unloaded": 0.13733623400003125,
  "tok_per_s_saturated": 1381.3,
  "goodput_at_saturation": 0.0,
  "j_per_tok_saturated": 0.1681,
  "avg_power_w_saturated": 232.3,
  "rungs": [
    {
      "concurrency": 1,
      "wall_s": 20.001,
      "n_completed": 115,
      "n_failed": 0,
      "req_per_s": 5.75,
      "tok_per_s": 24.4,
      "mean_out_tokens": 4.3,
      "goodput_req_per_s": 5.75,
      "ttft_ms_p50": 71.36332199991102,
      "ttft_ms_p95": 76.76690870000584,
      "ttft_ms_p99": 82.91960268004914,
      "tpot_ms_p50": 31.06398639999952,
      "tpot_ms_p95": 33.02197169999772,
      "e2el_ms_p50": 137.33623400003125,
      "e2el_ms_p95": 235.88033100005532,
      "e2el_ms_p99": 241.0100481199629,
      "energy_joules": 2562.4,
      "avg_power_w": 128.6,
      "j_per_req": 22.282,
      "j_per_tok": 5.2401
    },
    {
      "concurrency": 2,
      "wall_s": 20.059,
      "n_completed": 205,
      "n_failed": 0,
      "req_per_s": 10.22,
      "tok_per_s": 43.0,
      "mean_out_tokens": 4.2,
      "goodput_req_per_s": 10.22,
      "ttft_ms_p50": 93.80493700007264,
      "ttft_ms_p95": 100.10967060002258,
      "ttft_ms_p99": 104.68604868007789,
      "tpot_ms_p50": 31.62950280000132,
      "tpot_ms_p95": 33.53724208000585,
      "e2el_ms_p50": 162.4781210000492,
      "e2el_ms_p95": 262.4242987999878,
      "e2el_ms_p99": 269.65390436005697,
      "energy_joules": 2876.2,
      "avg_power_w": 143.6,
      "j_per_req": 14.03,
      "j_per_tok": 3.3328
    },
    {
      "concurrency": 4,
      "wall_s": 20.205,
      "n_completed": 420,
      "n_failed": 0,
      "req_per_s": 20.787,
      "tok_per_s": 87.1,
      "mean_out_tokens": 4.2,
      "goodput_req_per_s": 20.787,
      "ttft_ms_p50": 92.21467400004713,
      "ttft_ms_p95": 97.54026099999464,
      "ttft_ms_p99": 107.77593081004284,
      "tpot_ms_p50": 30.78364530001636,
      "tpot_ms_p95": 32.40421531501738,
      "e2el_ms_p50": 158.00056950001817,
      "e2el_ms_p95": 254.3717130999937,
      "e2el_ms_p99": 276.3380849499743,
      "energy_joules": 2702.6,
      "avg_power_w": 134.3,
      "j_per_req": 6.435,
      "j_per_tok": 1.5364
    },
    {
      "concurrency": 8,
      "wall_s": 20.235,
      "n_completed": 838,
      "n_failed": 0,
      "req_per_s": 41.413,
      "tok_per_s": 174.3,
      "mean_out_tokens": 4.2,
      "goodput_req_per_s": 41.413,
      "ttft_ms_p50": 92.33562949998486,
      "ttft_ms_p95": 97.87337139998158,
      "ttft_ms_p99": 106.68655332999944,
      "tpot_ms_p50": 30.662382299999535,
      "tpot_ms_p95": 32.66231373498556,
      "e2el_ms_p50": 158.0172809999567,
      "e2el_ms_p95": 254.27891645005616,
      "e2el_ms_p99": 269.92205858999336,
      "energy_joules": 3153.3,
      "avg_power_w": 155.9,
      "j_per_req": 3.763,
      "j_per_tok": 0.894
    },
    {
      "concurrency": 16,
      "wall_s": 20.23,
      "n_completed": 1650,
      "n_failed": 0,
      "req_per_s": 81.564,
      "tok_per_s": 342.9,
      "mean_out_tokens": 4.2,
      "goodput_req_per_s": 81.564,
      "ttft_ms_p50": 94.0623215000187,
      "ttft_ms_p95": 98.81998324999586,
      "ttft_ms_p99": 130.96610739003268,
      "tpot_ms_p50": 31.128863999981604,
      "tpot_ms_p95": 32.53314146500543,
      "e2el_ms_p50": 159.98422399997025,
      "e2el_ms_p95": 256.0351404500125,
      "e2el_ms_p99": 286.0637166799461,
      "energy_joules": 3546.9,
      "avg_power_w": 175.5,
      "j_per_req": 2.15,
      "j_per_tok": 0.5113
    },
    {
      "concurrency": 32,
      "wall_s": 20.241,
      "n_completed": 2850,
      "n_failed": 0,
      "req_per_s": 140.802,
      "tok_per_s": 591.4,
      "mean_out_tokens": 4.2,
      "goodput_req_per_s": 140.802,
      "ttft_ms_p50": 105.46766750002234,
      "ttft_ms_p95": 150.22510515001952,
      "ttft_ms_p99": 187.85823077000143,
      "tpot_ms_p50": 34.48013575001596,
      "tpot_ms_p95": 38.44659666999404,
      "e2el_ms_p50": 208.79348749997462,
      "e2el_ms_p95": 320.9301391999872,
      "e2el_ms_p99": 351.5221904800215,
      "energy_joules": 3761.1,
      "avg_power_w": 185.9,
      "j_per_req": 1.32,
      "j_per_tok": 0.3142
    },
    {
      "concurrency": 64,
      "wall_s": 20.262,
      "n_completed": 4634,
      "n_failed": 0,
      "req_per_s": 228.703,
      "tok_per_s": 959.8,
      "mean_out_tokens": 4.2,
      "goodput_req_per_s": 213.107,
      "ttft_ms_p50": 153.57377700001962,
      "ttft_ms_p95": 204.34121650001202,
      "ttft_ms_p99": 264.46615481006467,
      "tpot_ms_p50": 37.773842100000365,
      "tpot_ms_p95": 42.16234830000473,
      "e2el_ms_p50": 261.45409200000813,
      "e2el_ms_p95": 379.0538626499369,
      "e2el_ms_p99": 446.9456329400419,
      "energy_joules": 4167.9,
      "avg_power_w": 206.3,
      "j_per_req": 0.899,
      "j_per_tok": 0.2143
    },
    {
      "concurrency": 128,
      "wall_s": 20.36,
      "n_completed": 5770,
      "n_failed": 0,
      "req_per_s": 283.405,
      "tok_per_s": 1189.2,
      "mean_out_tokens": 4.2,
      "goodput_req_per_s": 6.827,
      "ttft_ms_p50": 337.7415885000232,
      "ttft_ms_p95": 390.96838649997494,
      "ttft_ms_p99": 407.89063300002,
      "tpot_ms_p50": 38.931859499996335,
      "tpot_ms_p95": 48.59958387499148,
      "e2el_ms_p50": 437.504247999982,
      "e2el_ms_p95": 565.9448027000735,
      "e2el_ms_p99": 595.8067261700148,
      "energy_joules": 4468.1,
      "avg_power_w": 220.2,
      "j_per_req": 0.774,
      "j_per_tok": 0.1845
    },
    {
      "concurrency": 256,
      "wall_s": 20.303,
      "n_completed": 6682,
      "n_failed": 0,
      "req_per_s": 329.111,
      "tok_per_s": 1381.3,
      "mean_out_tokens": 4.2,
      "goodput_req_per_s": 0.0,
      "ttft_ms_p50": 598.039650999965,
      "ttft_ms_p95": 691.0213807000389,
      "ttft_ms_p99": 747.1966106199898,
      "tpot_ms_p50": 57.50293950001151,
      "tpot_ms_p95": 69.77145184999358,
      "e2el_ms_p50": 748.790195500078,
      "e2el_ms_p95": 953.4641500000077,
      "e2el_ms_p99": 998.9830014899904,
      "energy_joules": 4712.9,
      "avg_power_w": 232.3,
      "j_per_req": 0.705,
      "j_per_tok": 0.1681
    }
  ]
}