{
  "gpu": "A100_40GB",
  "model": "guard8b",
  "max_tokens": 600,
  "gpu_price_usd_hr": 2.1,
  "vram_gb": 40,
  "force_generate": true,
  "mean_out_tokens_saturated": 600.0,
  "qps_per_replica": 10.431,
  "latency_s_unloaded": 18.74698539050001,
  "tok_per_s_saturated": 6258.8,
  "goodput_at_saturation": 0.0,
  "j_per_tok_saturated": 0.0567,
  "avg_power_w_saturated": 356.1,
  "rungs": [
    {
      "concurrency": 1,
      "wall_s": 37.494,
      "n_completed": 2,
      "n_failed": 0,
      "req_per_s": 0.053,
      "tok_per_s": 32.0,
      "mean_out_tokens": 600.0,
      "goodput_req_per_s": 0.0,
      "ttft_ms_p50": 81.43829250002455,
      "ttft_ms_p95": 84.02111655007047,
      "ttft_ms_p99": 84.25070091007456,
      "tpot_ms_p50": 31.16118046410683,
      "tpot_ms_p95": 31.508108852086778,
      "e2el_ms_p50": 18746.985390500013,
      "e2el_ms_p95": 18952.212670849956,
      "e2el_ms_p99": 18970.45509576995,
      "energy_joules": 4880.5,
      "avg_power_w": 130.3,
      "j_per_req": 2440.247,
      "j_per_tok": 4.0671
    },
    {
      "concurrency": 2,
      "wall_s": 37.874,
      "n_completed": 4,
      "n_failed": 0,
      "req_per_s": 0.106,
      "tok_per_s": 63.4,
      "mean_out_tokens": 600.0,
      "goodput_req_per_s": 0.0,
      "ttft_ms_p50": 90.1685974999964,
      "ttft_ms_p95": 109.88652615002366,
      "ttft_ms_p99": 110.93351403003226,
      "tpot_ms_p50": 31.46152818948252,
      "tpot_ms_p95": 31.52916527228703,
      "e2el_ms_p50": 18936.450333499975,
      "e2el_ms_p95": 18969.799926700005,
      "e2el_ms_p99": 18969.965154940015,
      "energy_joules": 4801.5,
      "avg_power_w": 126.9,
      "j_per_req": 1200.387,
      "j_per_tok": 2.0006
    },
    {
      "concurrency": 4,
      "wall_s": 37.573,
      "n_completed": 8,
      "n_failed": 0,
      "req_per_s": 0.213,
      "tok_per_s": 127.7,
      "mean_out_tokens": 600.0,
      "goodput_req_per_s": 0.0,
      "ttft_ms_p50": 105.66653400002224,
      "ttft_ms_p95": 115.35520925002061,
      "ttft_ms_p99": 115.5437402499831,
      "tpot_ms_p50": 31.205577404841392,
      "tpot_ms_p95": 31.478024774290482,
      "e2el_ms_p50": 18786.6118005,
      "e2el_ms_p95": 18941.670282550018,
      "e2el_ms_p99": 18941.759794909987,
      "energy_joules": 4837.7,
      "avg_power_w": 128.9,
      "j_per_req": 604.715,
      "j_per_tok": 1.0079
    },
    {
      "concurrency": 8,
      "wall_s": 37.843,
      "n_completed": 16,
      "n_failed": 0,
      "req_per_s": 0.423,
      "tok_per_s": 253.7,
      "mean_out_tokens": 600.0,
      "goodput_req_per_s": 0.0,
      "ttft_ms_p50": 120.91982999999118,
      "ttft_ms_p95": 124.0651519999858,
      "ttft_ms_p99": 124.27824319998422,
      "tpot_ms_p50": 31.40742554006674,
      "tpot_ms_p95": 31.424506409849663,
      "e2el_ms_p50": 18921.385511499975,
      "e2el_ms_p95": 18936.89797624998,
      "e2el_ms_p99": 18939.340526449934,
      "energy_joules": 5127.5,
      "avg_power_w": 135.5,
      "j_per_req": 320.47,
      "j_per_tok": 0.5341
    },
    {
      "concurrency": 16,
      "wall_s": 20.515,
      "n_completed": 16,
      "n_failed": 0,
      "req_per_s": 0.78,
      "tok_per_s": 468.0,
      "mean_out_tokens": 600.0,
      "goodput_req_per_s": 0.0,
      "ttft_ms_p50": 150.96631399995886,
      "ttft_ms_p95": 152.1437772499894,
      "ttft_ms_p99": 152.2252482500562,
      "tpot_ms_p50": 33.9933107537563,
      "tpot_ms_p95": 34.012217391903235,
      "e2el_ms_p50": 20512.90879650003,
      "e2el_ms_p95": 20513.972363750014,
      "e2el_ms_p99": 20514.034549550008,
      "energy_joules": 2745.0,
      "avg_power_w": 134.2,
      "j_per_req": 171.562,
      "j_per_tok": 0.2859
    },
    {
      "concurrency": 32,
      "wall_s": 20.059,
      "n_completed": 32,
      "n_failed": 0,
      "req_per_s": 1.595,
      "tok_per_s": 957.2,
      "mean_out_tokens": 600.0,
      "goodput_req_per_s": 0.0,
      "ttft_ms_p50": 193.3371810000608,
      "ttft_ms_p95": 194.857245500026,
      "ttft_ms_p99": 195.48089045998609,
      "tpot_ms_p50": 33.1594414799666,
      "tpot_ms_p95": 33.16031284282154,
      "e2el_ms_p50": 20056.14240299997,
      "e2el_ms_p95": 20057.854249650103,
      "e2el_ms_p99": 20058.383630859993,
      "energy_joules": 3535.7,
      "avg_power_w": 176.6,
      "j_per_req": 110.491,
      "j_per_tok": 0.1842
    },
    {
      "concurrency": 64,
      "wall_s": 20.438,
      "n_completed": 64,
      "n_failed": 0,
      "req_per_s": 3.131,
      "tok_per_s": 1878.9,
      "mean_out_tokens": 600.0,
      "goodput_req_per_s": 0.0,
      "ttft_ms_p50": 266.34474699994826,
      "ttft_ms_p95": 285.63001719998044,
      "ttft_ms_p99": 292.25758806998783,
      "tpot_ms_p50": 33.6651060233722,
      "tpot_ms_p95": 33.666269066777915,
      "e2el_ms_p50": 20431.631558500158,
      "e2el_ms_p95": 20435.024425549862,
      "e2el_ms_p99": 20435.255073539935,
      "energy_joules": 4294.7,
      "avg_power_w": 210.4,
      "j_per_req": 67.104,
      "j_per_tok": 0.1118
    },
    {
      "concurrency": 128,
      "wall_s": 22.16,
      "n_completed": 128,
      "n_failed": 0,
      "req_per_s": 5.776,
      "tok_per_s": 3465.8,
      "mean_out_tokens": 600.0,
      "goodput_req_per_s": 0.0,
      "ttft_ms_p50": 374.15616599992063,
      "ttft_ms_p95": 407.5916349999602,
      "ttft_ms_p99": 411.2691838699834,
      "tpot_ms_p50": 36.33176314440733,
      "tpot_ms_p95": 36.34349695659423,
      "e2el_ms_p50": 22136.652268500144,
      "e2el_ms_p95": 22154.489389149912,
      "e2el_ms_p99": 22156.74238893992,
      "energy_joules": 5626.8,
      "avg_power_w": 254.3,
      "j_per_req": 43.959,
      "j_per_tok": 0.0733
    },
    {
      "concurrency": 256,
      "wall_s": 24.542,
      "n_completed": 256,
      "n_failed": 0,
      "req_per_s": 10.431,
      "tok_per_s": 6258.8,
      "mean_out_tokens": 600.0,
      "goodput_req_per_s": 0.0,
      "ttft_ms_p50": 668.2748384999968,
      "ttft_ms_p95": 794.0530239999362,
      "ttft_ms_p99": 806.539747800116,
      "tpot_ms_p50": 39.7332709574291,
      "tpot_ms_p95": 39.798257321786195,
      "e2el_ms_p50": 24469.48457550002,
      "e2el_ms_p95": 24533.685443249964,
      "e2el_ms_p99": 24536.81010384986,
      "energy_joules": 8706.9,
      "avg_power_w": 356.1,
      "j_per_req": 34.011,
      "j_per_tok": 0.0567
    }
  ]
}