{
  "gpu": "RTX_PRO_6000",
  "model": "guard8b",
  "max_tokens": 16,
  "gpu_price_usd_hr": 3.03,
  "vram_gb": 96,
  "force_generate": false,
  "mean_out_tokens_saturated": 4.2,
  "qps_per_replica": 590.244,
  "latency_s_unloaded": 0.0508222209999758,
  "tok_per_s_saturated": 2476.5,
  "goodput_at_saturation": 0.049,
  "j_per_tok_saturated": 0.1928,
  "avg_power_w_saturated": 478.1,
  "rungs": [
    {
      "concurrency": 1,
      "wall_s": 20.025,
      "n_completed": 309,
      "n_failed": 0,
      "req_per_s": 15.431,
      "tok_per_s": 65.0,
      "mean_out_tokens": 4.2,
      "goodput_req_per_s": 15.431,
      "ttft_ms_p50": 29.929659000003994,
      "ttft_ms_p95": 32.45468959994468,
      "ttft_ms_p99": 33.56861539999045,
      "tpot_ms_p50": 10.540657799992914,
      "tpot_ms_p95": 11.29442200000085,
      "e2el_ms_p50": 50.8222209999758,
      "e2el_ms_p95": 86.75545900000543,
      "e2el_ms_p99": 88.74277119996805,
      "energy_joules": 6916.6,
      "avg_power_w": 345.6,
      "j_per_req": 22.384,
      "j_per_tok": 5.3164
    },
    {
      "concurrency": 2,
      "wall_s": 20.091,
      "n_completed": 551,
      "n_failed": 0,
      "req_per_s": 27.425,
      "tok_per_s": 115.6,
      "mean_out_tokens": 4.2,
      "goodput_req_per_s": 27.425,
      "ttft_ms_p50": 35.50351600006252,
      "ttft_ms_p95": 36.05584600001066,
      "ttft_ms_p99": 36.341976000016984,
      "tpot_ms_p50": 11.968429400008063,
      "tpot_ms_p95": 12.19428525001831,
      "e2el_ms_p50": 59.844707000024755,
      "e2el_ms_p95": 95.86037799999758,
      "e2el_ms_p99": 96.14678799999865,
      "energy_joules": 6973.6,
      "avg_power_w": 348.7,
      "j_per_req": 12.656,
      "j_per_tok": 3.0033
    },
    {
      "concurrency": 4,
      "wall_s": 20.087,
      "n_completed": 1084,
      "n_failed": 0,
      "req_per_s": 53.964,
      "tok_per_s": 227.1,
      "mean_out_tokens": 4.2,
      "goodput_req_per_s": 53.964,
      "ttft_ms_p50": 35.691131000021414,
      "ttft_ms_p95": 36.58104134999007,
      "ttft_ms_p99": 37.14952310001763,
      "tpot_ms_p50": 11.937835499992389,
      "tpot_ms_p95": 12.225399500013623,
      "e2el_ms_p50": 60.09720199995172,
      "e2el_ms_p95": 96.1245566499997,
      "e2el_ms_p99": 96.87579086998994,
      "energy_joules": 7221.5,
      "avg_power_w": 361.1,
      "j_per_req": 6.662,
      "j_per_tok": 1.5833
    },
    {
      "concurrency": 8,
      "wall_s": 20.057,
      "n_completed": 2110,
      "n_failed": 0,
      "req_per_s": 105.199,
      "tok_per_s": 441.5,
      "mean_out_tokens": 4.2,
      "goodput_req_per_s": 105.199,
      "ttft_ms_p50": 36.70343999999659,
      "ttft_ms_p95": 38.356003550012474,
      "ttft_ms_p99": 48.414123790001895,
      "tpot_ms_p50": 12.180177814288331,
      "tpot_ms_p95": 12.736394275009388,
      "e2el_ms_p50": 61.90417049998587,
      "e2el_ms_p95": 98.93634289999795,
      "e2el_ms_p99": 109.55552517996578,
      "energy_joules": 7608.7,
      "avg_power_w": 380.8,
      "j_per_req": 3.606,
      "j_per_tok": 0.8593
    },
    {
      "concurrency": 16,
      "wall_s": 20.078,
      "n_completed": 3984,
      "n_failed": 0,
      "req_per_s": 198.431,
      "tok_per_s": 832.6,
      "mean_out_tokens": 4.2,
      "goodput_req_per_s": 198.431,
      "ttft_ms_p50": 39.02665499998648,
      "ttft_ms_p95": 39.93592785006399,
      "ttft_ms_p99": 49.14606820001154,
      "tpot_ms_p50": 12.953665899999578,
      "tpot_ms_p95": 13.321673499967801,
      "e2el_ms_p50": 65.32089500001348,
      "e2el_ms_p95": 104.4972438500281,
      "e2el_ms_p99": 105.51291689999061,
      "energy_joules": 8171.0,
      "avg_power_w": 409.0,
      "j_per_req": 2.051,
      "j_per_tok": 0.4888
    },
    {
      "concurrency": 32,
      "wall_s": 20.097,
      "n_completed": 6852,
      "n_failed": 0,
      "req_per_s": 340.949,
      "tok_per_s": 1430.9,
      "mean_out_tokens": 4.2,
      "goodput_req_per_s": 340.949,
      "ttft_ms_p50": 53.75894349998589,
      "ttft_ms_p95": 58.97480505004751,
      "ttft_ms_p99": 65.88686239998879,
      "tpot_ms_p50": 13.359922750004216,
      "tpot_ms_p95": 14.460083249988998,
      "e2el_ms_p50": 81.78338899995197,
      "e2el_ms_p95": 122.86209789999702,
      "e2el_ms_p99": 129.93345087999495,
      "energy_joules": 8548.6,
      "avg_power_w": 425.9,
      "j_per_req": 1.248,
      "j_per_tok": 0.2973
    },
    {
      "concurrency": 64,
      "wall_s": 20.093,
      "n_completed": 10790,
      "n_failed": 0,
      "req_per_s": 537.006,
      "tok_per_s": 2252.7,
      "mean_out_tokens": 4.2,
      "goodput_req_per_s": 537.006,
      "ttft_ms_p50": 72.18137200004549,
      "ttft_ms_p95": 89.8693239499778,
      "ttft_ms_p99": 105.31488671006407,
      "tpot_ms_p50": 14.708869250017642,
      "tpot_ms_p95": 16.24538399999551,
      "e2el_ms_p50": 111.71968200000038,
      "e2el_ms_p95": 159.60370949995877,
      "e2el_ms_p99": 175.96680828997137,
      "energy_joules": 9362.9,
      "avg_power_w": 467.1,
      "j_per_req": 0.868,
      "j_per_tok": 0.2069
    },
    {
      "concurrency": 128,
      "wall_s": 20.135,
      "n_completed": 11186,
      "n_failed": 0,
      "req_per_s": 555.544,
      "tok_per_s": 2330.6,
      "mean_out_tokens": 4.2,
      "goodput_req_per_s": 510.945,
      "ttft_ms_p50": 174.35927099995752,
      "ttft_ms_p95": 204.41873324995186,
      "ttft_ms_p99": 212.95748390000995,
      "tpot_ms_p50": 18.827736800017192,
      "tpot_ms_p95": 23.25969224997948,
      "e2el_ms_p50": 228.1444910000232,
      "e2el_ms_p95": 292.4947542499581,
      "e2el_ms_p99": 310.6191583499537,
      "energy_joules": 8775.4,
      "avg_power_w": 437.4,
      "j_per_req": 0.784,
      "j_per_tok": 0.187
    },
    {
      "concurrency": 256,
      "wall_s": 20.285,
      "n_completed": 11973,
      "n_failed": 0,
      "req_per_s": 590.244,
      "tok_per_s": 2476.5,
      "mean_out_tokens": 4.2,
      "goodput_req_per_s": 0.049,
      "ttft_ms_p50": 384.48477899999034,
      "ttft_ms_p95": 448.2516659999874,
      "ttft_ms_p99": 472.94843003994805,
      "tpot_ms_p50": 14.29894240000067,
      "tpot_ms_p95": 23.790089880003503,
      "e2el_ms_p50": 428.93266800001584,
      "e2el_ms_p95": 507.31434879999136,
      "e2el_ms_p99": 537.2026299999975,
      "energy_joules": 9684.4,
      "avg_power_w": 478.1,
      "j_per_req": 0.809,
      "j_per_tok": 0.1928
    }
  ]
}