{
  "gpu": "RTX_PRO_6000",
  "model": "guard8b",
  "max_tokens": 600,
  "gpu_price_usd_hr": 3.03,
  "vram_gb": 96,
  "force_generate": true,
  "mean_out_tokens_saturated": 600.0,
  "qps_per_replica": 16.6,
  "latency_s_unloaded": 7.167784531000052,
  "tok_per_s_saturated": 9959.8,
  "goodput_at_saturation": 0.0,
  "j_per_tok_saturated": 0.0553,
  "avg_power_w_saturated": 550.7,
  "rungs": [
    {
      "concurrency": 1,
      "wall_s": 21.509,
      "n_completed": 3,
      "n_failed": 0,
      "req_per_s": 0.139,
      "tok_per_s": 83.7,
      "mean_out_tokens": 600.0,
      "goodput_req_per_s": 0.0,
      "ttft_ms_p50": 22.891022000067096,
      "ttft_ms_p95": 30.57351740002332,
      "ttft_ms_p99": 31.25640588001943,
      "tpot_ms_p50": 11.926731806343872,
      "tpot_ms_p95": 11.92809308714523,
      "e2el_ms_p50": 7167.784531000052,
      "e2el_ms_p95": 7173.790465000013,
      "e2el_ms_p99": 7174.324325800009,
      "energy_joules": 8277.2,
      "avg_power_w": 385.0,
      "j_per_req": 2759.057,
      "j_per_tok": 4.5984
    },
    {
      "concurrency": 2,
      "wall_s": 21.895,
      "n_completed": 6,
      "n_failed": 0,
      "req_per_s": 0.274,
      "tok_per_s": 164.4,
      "mean_out_tokens": 600.0,
      "goodput_req_per_s": 0.0,
      "ttft_ms_p50": 33.84695200003307,
      "ttft_ms_p95": 36.883003000042436,
      "ttft_ms_p99": 37.56905260003691,
      "tpot_ms_p50": 12.124379236227085,
      "tpot_ms_p95": 12.129960437813113,
      "e2el_ms_p50": 7295.204059500009,
      "e2el_ms_p95": 7302.020198500088,
      "e2el_ms_p99": 7303.514805300086,
      "energy_joules": 8061.5,
      "avg_power_w": 369.8,
      "j_per_req": 1343.579,
      "j_per_tok": 2.2393
    },
    {
      "concurrency": 4,
      "wall_s": 21.763,
      "n_completed": 12,
      "n_failed": 0,
      "req_per_s": 0.551,
      "tok_per_s": 330.8,
      "mean_out_tokens": 600.0,
      "goodput_req_per_s": 0.0,
      "ttft_ms_p50": 32.48878249996778,
      "ttft_ms_p95": 39.878049999998666,
      "ttft_ms_p99": 39.88724600004048,
      "tpot_ms_p50": 12.05314932387312,
      "tpot_ms_p95": 12.057000033388922,
      "e2el_ms_p50": 7250.22758800003,
      "e2el_ms_p95": 7262.020871999994,
      "e2el_ms_p99": 7262.081882400071,
      "energy_joules": 8141.4,
      "avg_power_w": 375.2,
      "j_per_req": 678.45,
      "j_per_tok": 1.1307
    },
    {
      "concurrency": 8,
      "wall_s": 22.266,
      "n_completed": 24,
      "n_failed": 0,
      "req_per_s": 1.078,
      "tok_per_s": 646.7,
      "mean_out_tokens": 600.0,
      "goodput_req_per_s": 0.0,
      "ttft_ms_p50": 42.925508999985595,
      "ttft_ms_p95": 48.08293450002452,
      "ttft_ms_p99": 48.29133160001106,
      "tpot_ms_p50": 12.317899051752834,
      "tpot_ms_p95": 12.319376823038505,
      "e2el_ms_p50": 7421.944518000032,
      "e2el_ms_p95": 7426.503010499931,
      "e2el_ms_p99": 7426.6085045,
      "energy_joules": 8496.4,
      "avg_power_w": 382.7,
      "j_per_req": 354.017,
      "j_per_tok": 0.59
    },
    {
      "concurrency": 16,
      "wall_s": 23.069,
      "n_completed": 48,
      "n_failed": 0,
      "req_per_s": 2.081,
      "tok_per_s": 1248.4,
      "mean_out_tokens": 600.0,
      "goodput_req_per_s": 0.0,
      "ttft_ms_p50": 47.42276199999651,
      "ttft_ms_p95": 53.89867100002448,
      "ttft_ms_p99": 56.680384640039854,
      "tpot_ms_p50": 12.753960398998391,
      "tpot_ms_p95": 12.756885324707909,
      "e2el_ms_p50": 7684.3668154999705,
      "e2el_ms_p95": 7694.100807999985,
      "e2el_ms_p99": 7694.28206160002,
      "energy_joules": 9182.9,
      "avg_power_w": 399.0,
      "j_per_req": 191.311,
      "j_per_tok": 0.3189
    },
    {
      "concurrency": 32,
      "wall_s": 25.409,
      "n_completed": 96,
      "n_failed": 0,
      "req_per_s": 3.778,
      "tok_per_s": 2266.9,
      "mean_out_tokens": 600.0,
      "goodput_req_per_s": 0.0,
      "ttft_ms_p50": 72.18775200004757,
      "ttft_ms_p95": 75.54502349998415,
      "ttft_ms_p99": 75.88084599997842,
      "tpot_ms_p50": 14.01301229549252,
      "tpot_ms_p95": 14.041771964106795,
      "e2el_ms_p50": 8466.101761999995,
      "e2el_ms_p95": 8478.22394049993,
      "e2el_ms_p99": 8478.480708000017,
      "energy_joules": 10839.6,
      "avg_power_w": 428.3,
      "j_per_req": 112.912,
      "j_per_tok": 0.1882
    },
    {
      "concurrency": 64,
      "wall_s": 28.155,
      "n_completed": 192,
      "n_failed": 0,
      "req_per_s": 6.819,
      "tok_per_s": 4091.6,
      "mean_out_tokens": 600.0,
      "goodput_req_per_s": 0.0,
      "ttft_ms_p50": 101.91749400001981,
      "ttft_ms_p95": 118.7182260000327,
      "ttft_ms_p99": 119.07050700000923,
      "tpot_ms_p50": 15.484369896494142,
      "tpot_ms_p95": 15.503529945742889,
      "e2el_ms_p50": 9387.012620000009,
      "e2el_ms_p95": 9395.796479049977,
      "e2el_ms_p99": 9396.448904490057,
      "energy_joules": 11847.3,
      "avg_power_w": 421.4,
      "j_per_req": 61.705,
      "j_per_tok": 0.1028
    },
    {
      "concurrency": 128,
      "wall_s": 22.393,
      "n_completed": 256,
      "n_failed": 0,
      "req_per_s": 11.432,
      "tok_per_s": 6859.3,
      "mean_out_tokens": 600.0,
      "goodput_req_per_s": 0.0,
      "ttft_ms_p50": 207.24180500002376,
      "ttft_ms_p95": 245.0456152499214,
      "ttft_ms_p99": 248.71281600000543,
      "tpot_ms_p50": 18.309337186978237,
      "tpot_ms_p95": 18.377405419866427,
      "e2el_ms_p50": 11181.815752000035,
      "e2el_ms_p95": 11214.50320400001,
      "e2el_ms_p99": 11215.677700999999,
      "energy_joules": 10759.8,
      "avg_power_w": 482.3,
      "j_per_req": 42.03,
      "j_per_tok": 0.0701
    },
    {
      "concurrency": 256,
      "wall_s": 30.844,
      "n_completed": 512,
      "n_failed": 0,
      "req_per_s": 16.6,
      "tok_per_s": 9959.8,
      "mean_out_tokens": 600.0,
      "goodput_req_per_s": 0.0,
      "ttft_ms_p50": 343.19004200000336,
      "ttft_ms_p95": 738.1351991000201,
      "ttft_ms_p99": 757.3584398100502,
      "tpot_ms_p50": 24.76465530801329,
      "tpot_ms_p95": 25.088714960851387,
      "e2el_ms_p50": 15103.802298999995,
      "e2el_ms_p95": 15767.04658309999,
      "e2el_ms_p99": 15788.251890499925,
      "energy_joules": 16986.0,
      "avg_power_w": 550.7,
      "j_per_req": 33.176,
      "j_per_tok": 0.0553
    }
  ]
}