{
  "gpu": "A100_80GB",
  "model": "guard8b",
  "max_tokens": 16,
  "gpu_price_usd_hr": 2.5,
  "vram_gb": 80,
  "force_generate": false,
  "mean_out_tokens_saturated": 4.2,
  "qps_per_replica": 302.764,
  "latency_s_unloaded": 0.14207972999997764,
  "tok_per_s_saturated": 1270.8,
  "goodput_at_saturation": 0.0,
  "j_per_tok_saturated": 0.1769,
  "avg_power_w_saturated": 225.0,
  "rungs": [
    {
      "concurrency": 1,
      "wall_s": 20.012,
      "n_completed": 111,
      "n_failed": 0,
      "req_per_s": 5.547,
      "tok_per_s": 23.5,
      "mean_out_tokens": 4.2,
      "goodput_req_per_s": 5.547,
      "ttft_ms_p50": 74.59276800000225,
      "ttft_ms_p95": 77.86312149994501,
      "ttft_ms_p99": 85.67294009997116,
      "tpot_ms_p50": 32.403485000008914,
      "tpot_ms_p95": 33.43546954999965,
      "e2el_ms_p50": 142.07972999997764,
      "e2el_ms_p95": 241.33058249998385,
      "e2el_ms_p99": 244.0166500000032,
      "energy_joules": 2520.0,
      "avg_power_w": 126.5,
      "j_per_req": 22.703,
      "j_per_tok": 5.3503
    },
    {
      "concurrency": 2,
      "wall_s": 20.197,
      "n_completed": 204,
      "n_failed": 0,
      "req_per_s": 10.101,
      "tok_per_s": 42.6,
      "mean_out_tokens": 4.2,
      "goodput_req_per_s": 10.101,
      "ttft_ms_p50": 94.71611999998686,
      "ttft_ms_p95": 100.53594824992729,
      "ttft_ms_p99": 106.4142903500499,
      "tpot_ms_p50": 31.94763400003353,
      "tpot_ms_p95": 33.73057199996765,
      "e2el_ms_p50": 164.39595549996966,
      "e2el_ms_p95": 261.7813883000224,
      "e2el_ms_p99": 269.3348364400333,
      "energy_joules": 2939.2,
      "avg_power_w": 146.1,
      "j_per_req": 14.408,
      "j_per_tok": 3.4177
    },
    {
      "concurrency": 4,
      "wall_s": 20.172,
      "n_completed": 413,
      "n_failed": 0,
      "req_per_s": 20.474,
      "tok_per_s": 85.9,
      "mean_out_tokens": 4.2,
      "goodput_req_per_s": 20.474,
      "ttft_ms_p50": 93.87253799991413,
      "ttft_ms_p95": 99.23208099994554,
      "ttft_ms_p99": 111.08977540000069,
      "tpot_ms_p50": 31.366548571424705,
      "tpot_ms_p95": 32.79182697998294,
      "e2el_ms_p50": 160.05098899995573,
      "e2el_ms_p95": 258.3915941999521,
      "e2el_ms_p99": 268.7466572400808,
      "energy_joules": 2654.7,
      "avg_power_w": 132.0,
      "j_per_req": 6.428,
      "j_per_tok": 1.5328
    },
    {
      "concurrency": 8,
      "wall_s": 20.212,
      "n_completed": 828,
      "n_failed": 0,
      "req_per_s": 40.965,
      "tok_per_s": 172.0,
      "mean_out_tokens": 4.2,
      "goodput_req_per_s": 40.965,
      "ttft_ms_p50": 94.40705500003332,
      "ttft_ms_p95": 99.19548205005526,
      "ttft_ms_p99": 102.23563759997205,
      "tpot_ms_p50": 31.28961975000948,
      "tpot_ms_p95": 32.90278834998901,
      "e2el_ms_p50": 160.62129650003953,
      "e2el_ms_p95": 257.9521680000198,
      "e2el_ms_p99": 264.536789660076,
      "energy_joules": 2962.3,
      "avg_power_w": 146.6,
      "j_per_req": 3.578,
      "j_per_tok": 0.8522
    },
    {
      "concurrency": 16,
      "wall_s": 20.238,
      "n_completed": 1598,
      "n_failed": 0,
      "req_per_s": 78.961,
      "tok_per_s": 331.4,
      "mean_out_tokens": 4.2,
      "goodput_req_per_s": 78.961,
      "ttft_ms_p50": 97.74543700001459,
      "ttft_ms_p95": 102.04055925001398,
      "ttft_ms_p99": 126.59156655999139,
      "tpot_ms_p50": 32.311648749981714,
      "tpot_ms_p95": 33.68373902500821,
      "e2el_ms_p50": 165.29192000001558,
      "e2el_ms_p95": 263.9207823999584,
      "e2el_ms_p99": 269.2387096699804,
      "energy_joules": 3539.4,
      "avg_power_w": 175.2,
      "j_per_req": 2.215,
      "j_per_tok": 0.5278
    },
    {
      "concurrency": 32,
      "wall_s": 20.231,
      "n_completed": 3061,
      "n_failed": 0,
      "req_per_s": 151.305,
      "tok_per_s": 635.6,
      "mean_out_tokens": 4.2,
      "goodput_req_per_s": 151.305,
      "ttft_ms_p50": 100.65383799997107,
      "ttft_ms_p95": 133.75851199998579,
      "ttft_ms_p99": 165.4533982000242,
      "tpot_ms_p50": 33.31137449998778,
      "tpot_ms_p95": 34.87187399998675,
      "e2el_ms_p50": 170.9338520000756,
      "e2el_ms_p95": 274.87326499999654,
      "e2el_ms_p99": 310.08966740002967,
      "energy_joules": 4017.1,
      "avg_power_w": 198.9,
      "j_per_req": 1.312,
      "j_per_tok": 0.3124
    },
    {
      "concurrency": 64,
      "wall_s": 20.377,
      "n_completed": 4666,
      "n_failed": 0,
      "req_per_s": 228.984,
      "tok_per_s": 961.6,
      "mean_out_tokens": 4.2,
      "goodput_req_per_s": 218.826,
      "ttft_ms_p50": 152.96300250003014,
      "ttft_ms_p95": 198.05734075006853,
      "ttft_ms_p99": 243.03627400008747,
      "tpot_ms_p50": 37.874587350000866,
      "tpot_ms_p95": 42.187121000026195,
      "e2el_ms_p50": 263.7422334999542,
      "e2el_ms_p95": 375.67085724998606,
      "e2el_ms_p99": 436.46830600003466,
      "energy_joules": 4310.1,
      "avg_power_w": 212.3,
      "j_per_req": 0.924,
      "j_per_tok": 0.22
    },
    {
      "concurrency": 128,
      "wall_s": 20.475,
      "n_completed": 5331,
      "n_failed": 0,
      "req_per_s": 260.361,
      "tok_per_s": 1093.0,
      "mean_out_tokens": 4.2,
      "goodput_req_per_s": 4.542,
      "ttft_ms_p50": 356.65152300009595,
      "ttft_ms_p95": 414.0727729999867,
      "ttft_ms_p99": 565.0089425000033,
      "tpot_ms_p50": 41.53693800003566,
      "tpot_ms_p95": 50.69909510000343,
      "e2el_ms_p50": 481.1848450000298,
      "e2el_ms_p95": 615.0930984999832,
      "e2el_ms_p99": 748.2319433999578,
      "energy_joules": 4314.3,
      "avg_power_w": 211.4,
      "j_per_req": 0.809,
      "j_per_tok": 0.1928
    },
    {
      "concurrency": 256,
      "wall_s": 20.62,
      "n_completed": 6243,
      "n_failed": 0,
      "req_per_s": 302.764,
      "tok_per_s": 1270.8,
      "mean_out_tokens": 4.2,
      "goodput_req_per_s": 0.0,
      "ttft_ms_p50": 657.9630360000692,
      "ttft_ms_p95": 810.5409078000085,
      "ttft_ms_p99": 905.5665496600295,
      "tpot_ms_p50": 56.77107059998434,
      "tpot_ms_p95": 74.13230294999948,
      "e2el_ms_p50": 821.6221989999895,
      "e2el_ms_p95": 1028.591527799938,
      "e2el_ms_p99": 1104.5832633000714,
      "energy_joules": 4635.1,
      "avg_power_w": 225.0,
      "j_per_req": 0.742,
      "j_per_tok": 0.1769
    }
  ]
}