{
  "gpu": "A100_80GB",
  "model": "guard8b",
  "max_tokens": 600,
  "gpu_price_usd_hr": 2.5,
  "vram_gb": 80,
  "force_generate": true,
  "mean_out_tokens_saturated": 600.0,
  "qps_per_replica": 10.583,
  "latency_s_unloaded": 18.676615740499983,
  "tok_per_s_saturated": 6349.9,
  "goodput_at_saturation": 0.0,
  "j_per_tok_saturated": 0.0567,
  "avg_power_w_saturated": 361.1,
  "rungs": [
    {
      "concurrency": 1,
      "wall_s": 37.354,
      "n_completed": 2,
      "n_failed": 0,
      "req_per_s": 0.054,
      "tok_per_s": 32.1,
      "mean_out_tokens": 600.0,
      "goodput_req_per_s": 0.0,
      "ttft_ms_p50": 76.27714249997553,
      "ttft_ms_p95": 81.51984634993141,
      "ttft_ms_p99": 81.98586446992749,
      "tpot_ms_p50": 31.052318193656106,
      "tpot_ms_p95": 31.073114408013417,
      "e2el_ms_p50": 18676.615740499983,
      "e2el_ms_p95": 18683.829969050057,
      "e2el_ms_p99": 18684.47123381006,
      "energy_joules": 4866.1,
      "avg_power_w": 130.5,
      "j_per_req": 2433.065,
      "j_per_tok": 4.0551
    },
    {
      "concurrency": 2,
      "wall_s": 37.476,
      "n_completed": 4,
      "n_failed": 0,
      "req_per_s": 0.107,
      "tok_per_s": 64.0,
      "mean_out_tokens": 600.0,
      "goodput_req_per_s": 0.0,
      "ttft_ms_p50": 87.39115300005551,
      "ttft_ms_p95": 102.74610315004793,
      "ttft_ms_p99": 102.87305103004655,
      "tpot_ms_p50": 31.136186839732837,
      "tpot_ms_p95": 31.175797647412335,
      "e2el_ms_p50": 18738.095009000062,
      "e2el_ms_p95": 18751.233249100005,
      "e2el_ms_p99": 18751.23569542,
      "energy_joules": 4743.6,
      "avg_power_w": 126.8,
      "j_per_req": 1185.911,
      "j_per_tok": 1.9765
    },
    {
      "concurrency": 4,
      "wall_s": 39.53,
      "n_completed": 8,
      "n_failed": 0,
      "req_per_s": 0.202,
      "tok_per_s": 121.4,
      "mean_out_tokens": 600.0,
      "goodput_req_per_s": 0.0,
      "ttft_ms_p50": 111.19465200005152,
      "ttft_ms_p95": 111.77044524997655,
      "ttft_ms_p99": 111.84815224997692,
      "tpot_ms_p50": 32.837063096828146,
      "tpot_ms_p95": 33.77376004716188,
      "e2el_ms_p50": 19764.346628,
      "e2el_ms_p95": 20321.969544399977,
      "e2el_ms_p99": 20322.181380079932,
      "energy_joules": 4956.4,
      "avg_power_w": 125.6,
      "j_per_req": 619.546,
      "j_per_tok": 1.0326
    },
    {
      "concurrency": 8,
      "wall_s": 38.416,
      "n_completed": 16,
      "n_failed": 0,
      "req_per_s": 0.416,
      "tok_per_s": 249.9,
      "mean_out_tokens": 600.0,
      "goodput_req_per_s": 0.0,
      "ttft_ms_p50": 118.88979549996748,
      "ttft_ms_p95": 142.10136925004235,
      "ttft_ms_p99": 142.11505945000908,
      "tpot_ms_p50": 31.876067517529208,
      "tpot_ms_p95": 32.18529114106842,
      "e2el_ms_p50": 19207.542598000033,
      "e2el_ms_p95": 19411.76830200007,
      "e2el_ms_p99": 19411.80443160004,
      "energy_joules": 5160.4,
      "avg_power_w": 134.6,
      "j_per_req": 322.525,
      "j_per_tok": 0.5375
    },
    {
      "concurrency": 16,
      "wall_s": 38.894,
      "n_completed": 32,
      "n_failed": 0,
      "req_per_s": 0.823,
      "tok_per_s": 493.6,
      "mean_out_tokens": 600.0,
      "goodput_req_per_s": 0.0,
      "ttft_ms_p50": 141.20101499997872,
      "ttft_ms_p95": 154.87199640001563,
      "ttft_ms_p99": 155.14762598001198,
      "tpot_ms_p50": 32.243441985809675,
      "tpot_ms_p95": 32.40989473422377,
      "e2el_ms_p50": 19446.713395000017,
      "e2el_ms_p95": 19554.292733750037,
      "e2el_ms_p99": 19554.993309569996,
      "energy_joules": 5920.4,
      "avg_power_w": 152.4,
      "j_per_req": 185.011,
      "j_per_tok": 0.3084
    },
    {
      "concurrency": 32,
      "wall_s": 20.502,
      "n_completed": 32,
      "n_failed": 0,
      "req_per_s": 1.561,
      "tok_per_s": 936.5,
      "mean_out_tokens": 600.0,
      "goodput_req_per_s": 0.0,
      "ttft_ms_p50": 271.22840550003957,
      "ttft_ms_p95": 325.8471768999982,
      "ttft_ms_p99": 326.6701332999446,
      "tpot_ms_p50": 33.76096365776288,
      "tpot_ms_p95": 33.76420750417364,
      "e2el_ms_p50": 20494.050043000017,
      "e2el_ms_p95": 20500.267846200037,
      "e2el_ms_p99": 20501.171023780003,
      "energy_joules": 3576.0,
      "avg_power_w": 175.1,
      "j_per_req": 111.75,
      "j_per_tok": 0.1862
    },
    {
      "concurrency": 64,
      "wall_s": 20.668,
      "n_completed": 64,
      "n_failed": 0,
      "req_per_s": 3.097,
      "tok_per_s": 1857.9,
      "mean_out_tokens": 600.0,
      "goodput_req_per_s": 0.0,
      "ttft_ms_p50": 257.43038549995845,
      "ttft_ms_p95": 281.6640119499709,
      "ttft_ms_p99": 283.87881772999094,
      "tpot_ms_p50": 34.052730449916666,
      "tpot_ms_p95": 34.0541215141904,
      "e2el_ms_p50": 20655.03182949999,
      "e2el_ms_p95": 20665.75270954999,
      "e2el_ms_p99": 20666.644172160006,
      "energy_joules": 4329.5,
      "avg_power_w": 209.9,
      "j_per_req": 67.648,
      "j_per_tok": 0.1127
    },
    {
      "concurrency": 128,
      "wall_s": 21.855,
      "n_completed": 128,
      "n_failed": 0,
      "req_per_s": 5.857,
      "tok_per_s": 3514.1,
      "mean_out_tokens": 600.0,
      "goodput_req_per_s": 0.0,
      "ttft_ms_p50": 374.8409800000445,
      "ttft_ms_p95": 407.22322790001044,
      "ttft_ms_p99": 409.9213098400469,
      "tpot_ms_p50": 35.83804709265437,
      "tpot_ms_p95": 35.84028654365615,
      "e2el_ms_p50": 21842.088176499943,
      "e2el_ms_p95": 21850.015960549972,
      "e2el_ms_p99": 21852.166000200003,
      "energy_joules": 5710.1,
      "avg_power_w": 261.6,
      "j_per_req": 44.61,
      "j_per_tok": 0.0744
    },
    {
      "concurrency": 256,
      "wall_s": 24.189,
      "n_completed": 256,
      "n_failed": 0,
      "req_per_s": 10.583,
      "tok_per_s": 6349.9,
      "mean_out_tokens": 600.0,
      "goodput_req_per_s": 0.0,
      "ttft_ms_p50": 648.9896839999574,
      "ttft_ms_p95": 813.2230164999896,
      "ttft_ms_p99": 824.8633382000264,
      "tpot_ms_p50": 39.11409457929872,
      "tpot_ms_p95": 39.16128597829719,
      "e2el_ms_p50": 24080.324829999998,
      "e2el_ms_p95": 24174.64522200001,
      "e2el_ms_p99": 24183.873639700014,
      "energy_joules": 8716.1,
      "avg_power_w": 361.1,
      "j_per_req": 34.047,
      "j_per_tok": 0.0567
    }
  ]
}