{
  "model": "guard8b",
  "max_tokens": 64,
  "n": 200,
  "n_error": 0,
  "precision": 0.9873417721518988,
  "recall": 0.8666666666666667,
  "f1": 0.9230769230769232,
  "fpr_benign": 0.0,
  "fpr_borderline_safe": 0.02,
  "per_category_acc": {
    "harmful": 0.96,
    "borderline_unsafe": 0.75,
    "benign": 1.0,
    "borderline_safe": 0.98
  }
}