{
  "gpu": "A100_40GB",
  "model": "guard1b",
  "max_tokens": 16,
  "gpu_price_usd_hr": 2.1,
  "vram_gb": 40,
  "force_generate": false,
  "mean_out_tokens_saturated": 4.3,
  "qps_per_replica": 436.642,
  "latency_s_unloaded": 0.05951471849999734,
  "tok_per_s_saturated": 1879.9,
  "goodput_at_saturation": 57.857,
  "j_per_tok_saturated": 0.0555,
  "avg_power_w_saturated": 104.4,
  "rungs": [
    {
      "concurrency": 1,
      "wall_s": 19.995,
      "n_completed": 272,
      "n_failed": 0,
      "req_per_s": 13.603,
      "tok_per_s": 59.1,
      "mean_out_tokens": 4.3,
      "goodput_req_per_s": 13.603,
      "ttft_ms_p50": 31.703911000079188,
      "ttft_ms_p95": 35.179168950025996,
      "ttft_ms_p99": 42.08996687006223,
      "tpot_ms_p50": 12.1154257500109,
      "tpot_ms_p95": 13.153100799992785,
      "e2el_ms_p50": 59.51471849999734,
      "e2el_ms_p95": 96.43625979994681,
      "e2el_ms_p99": 105.69540268001796,
      "energy_joules": 1915.0,
      "avg_power_w": 96.1,
      "j_per_req": 7.041,
      "j_per_tok": 1.6202
    },
    {
      "concurrency": 2,
      "wall_s": 20.044,
      "n_completed": 491,
      "n_failed": 0,
      "req_per_s": 24.496,
      "tok_per_s": 106.0,
      "mean_out_tokens": 4.3,
      "goodput_req_per_s": 24.496,
      "ttft_ms_p50": 37.83447900002557,
      "ttft_ms_p95": 42.550833999996485,
      "ttft_ms_p99": 46.8595782999956,
      "tpot_ms_p50": 12.794382500032953,
      "tpot_ms_p95": 14.019826999992802,
      "e2el_ms_p50": 67.72279500000877,
      "e2el_ms_p95": 107.34217699996407,
      "e2el_ms_p99": 121.326896500034,
      "energy_joules": 1914.8,
      "avg_power_w": 95.6,
      "j_per_req": 3.9,
      "j_per_tok": 0.9015
    },
    {
      "concurrency": 4,
      "wall_s": 20.08,
      "n_completed": 984,
      "n_failed": 0,
      "req_per_s": 49.005,
      "tok_per_s": 211.1,
      "mean_out_tokens": 4.3,
      "goodput_req_per_s": 49.005,
      "ttft_ms_p50": 38.47386350003035,
      "ttft_ms_p95": 41.47425874999726,
      "ttft_ms_p99": 47.39215878998606,
      "tpot_ms_p50": 12.810294899992414,
      "tpot_ms_p95": 13.615769380008942,
      "e2el_ms_p50": 66.62152999996351,
      "e2el_ms_p95": 106.14374879997968,
      "e2el_ms_p99": 113.17239290000877,
      "energy_joules": 1921.9,
      "avg_power_w": 96.1,
      "j_per_req": 1.953,
      "j_per_tok": 0.4534
    },
    {
      "concurrency": 8,
      "wall_s": 20.099,
      "n_completed": 1933,
      "n_failed": 0,
      "req_per_s": 96.175,
      "tok_per_s": 414.4,
      "mean_out_tokens": 4.3,
      "goodput_req_per_s": 96.175,
      "ttft_ms_p50": 38.90905699995528,
      "ttft_ms_p95": 48.42083959995306,
      "ttft_ms_p99": 56.081005799987935,
      "tpot_ms_p50": 12.893421400008265,
      "tpot_ms_p95": 14.059475299995936,
      "e2el_ms_p50": 68.28781299998354,
      "e2el_ms_p95": 109.7300511999947,
      "e2el_ms_p99": 124.14549343994167,
      "energy_joules": 1964.1,
      "avg_power_w": 97.7,
      "j_per_req": 1.016,
      "j_per_tok": 0.2358
    },
    {
      "concurrency": 16,
      "wall_s": 20.104,
      "n_completed": 3345,
      "n_failed": 0,
      "req_per_s": 166.387,
      "tok_per_s": 716.6,
      "mean_out_tokens": 4.3,
      "goodput_req_per_s": 166.387,
      "ttft_ms_p50": 53.5009910000781,
      "ttft_ms_p95": 59.53398499998457,
      "ttft_ms_p99": 63.59142783996958,
      "tpot_ms_p50": 13.63209440000901,
      "tpot_ms_p95": 15.372125099975165,
      "e2el_ms_p50": 86.66478800000732,
      "e2el_ms_p95": 129.17514900000242,
      "e2el_ms_p99": 136.53786324004614,
      "energy_joules": 1995.3,
      "avg_power_w": 99.3,
      "j_per_req": 0.596,
      "j_per_tok": 0.1385
    },
    {
      "concurrency": 32,
      "wall_s": 20.091,
      "n_completed": 5745,
      "n_failed": 0,
      "req_per_s": 285.945,
      "tok_per_s": 1231.3,
      "mean_out_tokens": 4.3,
      "goodput_req_per_s": 285.945,
      "ttft_ms_p50": 60.67972400001054,
      "ttft_ms_p95": 84.23318039997412,
      "ttft_ms_p99": 98.77051083999052,
      "tpot_ms_p50": 14.473180799996044,
      "tpot_ms_p95": 16.663643000015327,
      "e2el_ms_p50": 106.60980800003017,
      "e2el_ms_p95": 150.56168839998918,
      "e2el_ms_p99": 167.2373963999826,
      "energy_joules": 2074.2,
      "avg_power_w": 103.3,
      "j_per_req": 0.361,
      "j_per_tok": 0.0838
    },
    {
      "concurrency": 64,
      "wall_s": 20.138,
      "n_completed": 7255,
      "n_failed": 0,
      "req_per_s": 360.269,
      "tok_per_s": 1551.6,
      "mean_out_tokens": 4.3,
      "goodput_req_per_s": 360.269,
      "ttft_ms_p50": 130.09679900005722,
      "ttft_ms_p95": 156.42740570001476,
      "ttft_ms_p99": 169.92757502007635,
      "tpot_ms_p50": 14.986458500004574,
      "tpot_ms_p95": 19.032310610002693,
      "e2el_ms_p50": 174.52545599996938,
      "e2el_ms_p95": 224.84094410004894,
      "e2el_ms_p99": 244.3097103600553,
      "energy_joules": 2131.0,
      "avg_power_w": 106.1,
      "j_per_req": 0.294,
      "j_per_tok": 0.0682
    },
    {
      "concurrency": 128,
      "wall_s": 20.101,
      "n_completed": 8777,
      "n_failed": 0,
      "req_per_s": 436.642,
      "tok_per_s": 1879.9,
      "mean_out_tokens": 4.3,
      "goodput_req_per_s": 57.857,
      "ttft_ms_p50": 220.72133900007884,
      "ttft_ms_p95": 250.3013450000253,
      "ttft_ms_p99": 276.2471302000449,
      "tpot_ms_p50": 22.810288200003015,
      "tpot_ms_p95": 28.572567400010485,
      "e2el_ms_p50": 286.43346499995914,
      "e2el_ms_p95": 356.9189581999808,
      "e2el_ms_p99": 375.7978197999955,
      "energy_joules": 2096.4,
      "avg_power_w": 104.4,
      "j_per_req": 0.239,
      "j_per_tok": 0.0555
    },
    {
      "concurrency": 256,
      "wall_s": 20.363,
      "n_completed": 8887,
      "n_failed": 0,
      "req_per_s": 436.42,
      "tok_per_s": 1879.3,
      "mean_out_tokens": 4.3,
      "goodput_req_per_s": 0.0,
      "ttft_ms_p50": 532.8031440000132,
      "ttft_ms_p95": 603.8790441000288,
      "ttft_ms_p99": 647.6324181600125,
      "tpot_ms_p50": 15.157630999988214,
      "tpot_ms_p95": 29.902270900001877,
      "e2el_ms_p50": 580.9842549999757,
      "e2el_ms_p95": 672.0716105999941,
      "e2el_ms_p99": 748.0507140600018,
      "energy_joules": 2167.2,
      "avg_power_w": 106.9,
      "j_per_req": 0.244,
      "j_per_tok": 0.0566
    }
  ]
}