{
  "gpu": "A100_40GB",
  "model": "guard1b",
  "max_tokens": 600,
  "gpu_price_usd_hr": 2.1,
  "vram_gb": 40,
  "force_generate": true,
  "mean_out_tokens_saturated": 600.0,
  "qps_per_replica": 19.804,
  "latency_s_unloaded": 7.469314134000001,
  "tok_per_s_saturated": 11882.1,
  "goodput_at_saturation": 0.0,
  "j_per_tok_saturated": 0.0162,
  "avg_power_w_saturated": 192.4,
  "rungs": [
    {
      "concurrency": 1,
      "wall_s": 22.38,
      "n_completed": 3,
      "n_failed": 0,
      "req_per_s": 0.134,
      "tok_per_s": 80.4,
      "mean_out_tokens": 600.0,
      "goodput_req_per_s": 0.0,
      "ttft_ms_p50": 32.869034999976066,
      "ttft_ms_p95": 39.911190300063026,
      "ttft_ms_p99": 40.537159660070756,
      "tpot_ms_p50": 12.41746456594323,
      "tpot_ms_p95": 12.422542927879837,
      "e2el_ms_p50": 7469.314134000001,
      "e2el_ms_p95": 7473.810631200002,
      "e2el_ms_p99": 7474.210319840002,
      "energy_joules": 2155.2,
      "avg_power_w": 96.5,
      "j_per_req": 718.412,
      "j_per_tok": 1.1974
    },
    {
      "concurrency": 2,
      "wall_s": 23.402,
      "n_completed": 6,
      "n_failed": 0,
      "req_per_s": 0.256,
      "tok_per_s": 153.8,
      "mean_out_tokens": 600.0,
      "goodput_req_per_s": 0.0,
      "ttft_ms_p50": 42.40496049999365,
      "ttft_ms_p95": 51.2502444999825,
      "ttft_ms_p99": 51.27786249997257,
      "tpot_ms_p50": 12.913380248747924,
      "tpot_ms_p95": 13.053122323873046,
      "e2el_ms_p50": 7775.1412599999985,
      "e2el_ms_p95": 7860.414565999974,
      "e2el_ms_p99": 7860.5967803999765,
      "energy_joules": 2194.5,
      "avg_power_w": 94.0,
      "j_per_req": 365.752,
      "j_per_tok": 0.6096
    },
    {
      "concurrency": 4,
      "wall_s": 23.598,
      "n_completed": 12,
      "n_failed": 0,
      "req_per_s": 0.509,
      "tok_per_s": 305.1,
      "mean_out_tokens": 600.0,
      "goodput_req_per_s": 0.0,
      "ttft_ms_p50": 53.21238300001596,
      "ttft_ms_p95": 64.20574755001098,
      "ttft_ms_p99": 64.3509119100213,
      "tpot_ms_p50": 13.058521775459148,
      "tpot_ms_p95": 13.211251492570982,
      "e2el_ms_p50": 7872.3039635000305,
      "e2el_ms_p95": 7971.729034850023,
      "e2el_ms_p99": 7972.11759577006,
      "energy_joules": 2220.2,
      "avg_power_w": 94.3,
      "j_per_req": 185.017,
      "j_per_tok": 0.3084
    },
    {
      "concurrency": 8,
      "wall_s": 23.786,
      "n_completed": 24,
      "n_failed": 0,
      "req_per_s": 1.009,
      "tok_per_s": 605.4,
      "mean_out_tokens": 600.0,
      "goodput_req_per_s": 0.0,
      "ttft_ms_p50": 59.42155349998757,
      "ttft_ms_p95": 62.5045678000447,
      "ttft_ms_p99": 62.57464972997809,
      "tpot_ms_p50": 13.141820216193647,
      "tpot_ms_p95": 13.248336536477558,
      "e2el_ms_p50": 7931.193029500037,
      "e2el_ms_p95": 7994.92432820004,
      "e2el_ms_p99": 7995.133271090009,
      "energy_joules": 2259.3,
      "avg_power_w": 95.2,
      "j_per_req": 94.136,
      "j_per_tok": 0.1569
    },
    {
      "concurrency": 16,
      "wall_s": 24.161,
      "n_completed": 48,
      "n_failed": 0,
      "req_per_s": 1.987,
      "tok_per_s": 1192.0,
      "mean_out_tokens": 600.0,
      "goodput_req_per_s": 0.0,
      "ttft_ms_p50": 76.02386450002996,
      "ttft_ms_p95": 79.57200879998823,
      "ttft_ms_p99": 79.91225864003809,
      "tpot_ms_p50": 13.33297127796326,
      "tpot_ms_p95": 13.33952821903173,
      "e2el_ms_p50": 8062.25878250001,
      "e2el_ms_p95": 8063.264072250007,
      "e2el_ms_p99": 8065.87276782004,
      "energy_joules": 2344.6,
      "avg_power_w": 97.1,
      "j_per_req": 48.846,
      "j_per_tok": 0.0814
    },
    {
      "concurrency": 32,
      "wall_s": 24.476,
      "n_completed": 96,
      "n_failed": 0,
      "req_per_s": 3.922,
      "tok_per_s": 2353.3,
      "mean_out_tokens": 600.0,
      "goodput_req_per_s": 0.0,
      "ttft_ms_p50": 106.45318549995864,
      "ttft_ms_p95": 108.94875324996178,
      "ttft_ms_p99": 109.19023729996411,
      "tpot_ms_p50": 13.391407212020036,
      "tpot_ms_p95": 13.602703507095068,
      "e2el_ms_p50": 8128.315884000017,
      "e2el_ms_p95": 8256.203958750008,
      "e2el_ms_p99": 8257.102664649972,
      "energy_joules": 2465.9,
      "avg_power_w": 100.9,
      "j_per_req": 25.686,
      "j_per_tok": 0.0428
    },
    {
      "concurrency": 64,
      "wall_s": 25.703,
      "n_completed": 192,
      "n_failed": 0,
      "req_per_s": 7.47,
      "tok_per_s": 4481.9,
      "mean_out_tokens": 600.0,
      "goodput_req_per_s": 0.0,
      "ttft_ms_p50": 146.80094950000466,
      "ttft_ms_p95": 163.39202909996402,
      "ttft_ms_p99": 165.47398600002225,
      "tpot_ms_p50": 13.983805425709381,
      "tpot_ms_p95": 14.264521775793042,
      "e2el_ms_p50": 8529.129255499982,
      "e2el_ms_p95": 8688.111316899973,
      "e2el_ms_p99": 8688.497205450049,
      "energy_joules": 2824.8,
      "avg_power_w": 110.2,
      "j_per_req": 14.713,
      "j_per_tok": 0.0245
    },
    {
      "concurrency": 128,
      "wall_s": 28.166,
      "n_completed": 384,
      "n_failed": 0,
      "req_per_s": 13.633,
      "tok_per_s": 8180.0,
      "mean_out_tokens": 600.0,
      "goodput_req_per_s": 0.0,
      "ttft_ms_p50": 218.08087250002473,
      "ttft_ms_p95": 277.0931529500501,
      "ttft_ms_p99": 279.7289243500484,
      "tpot_ms_p50": 15.253598692821313,
      "tpot_ms_p95": 15.383717852337158,
      "e2el_ms_p50": 9391.298582499985,
      "e2el_ms_p95": 9428.144111049976,
      "e2el_ms_p99": 9434.139515300065,
      "energy_joules": 3717.0,
      "avg_power_w": 132.1,
      "j_per_req": 9.68,
      "j_per_tok": 0.0161
    },
    {
      "concurrency": 256,
      "wall_s": 25.854,
      "n_completed": 512,
      "n_failed": 0,
      "req_per_s": 19.804,
      "tok_per_s": 11882.1,
      "mean_out_tokens": 600.0,
      "goodput_req_per_s": 0.0,
      "ttft_ms_p50": 440.1325310000175,
      "ttft_ms_p95": 612.2281578500861,
      "ttft_ms_p99": 726.7613253500349,
      "tpot_ms_p50": 20.656302647746443,
      "tpot_ms_p95": 21.266079100334018,
      "e2el_ms_p50": 12847.640701000046,
      "e2el_ms_p95": 13217.032306350051,
      "e2el_ms_p99": 13224.522592759913,
      "energy_joules": 4973.5,
      "avg_power_w": 192.4,
      "j_per_req": 9.714,
      "j_per_tok": 0.0162
    }
  ]
}