{
  "gpu": "L40S",
  "model": "guard1b",
  "max_tokens": 16,
  "gpu_price_usd_hr": 1.95,
  "vram_gb": 48,
  "force_generate": false,
  "mean_out_tokens_saturated": 4.3,
  "qps_per_replica": 668.466,
  "latency_s_unloaded": 0.03463011500002722,
  "tok_per_s_saturated": 2877.9,
  "goodput_at_saturation": 0.247,
  "j_per_tok_saturated": 0.0751,
  "avg_power_w_saturated": 217.1,
  "rungs": [
    {
      "concurrency": 1,
      "wall_s": 20.016,
      "n_completed": 523,
      "n_failed": 0,
      "req_per_s": 26.129,
      "tok_per_s": 112.7,
      "mean_out_tokens": 4.3,
      "goodput_req_per_s": 26.129,
      "ttft_ms_p50": 18.03230899997743,
      "ttft_ms_p95": 21.0419733999629,
      "ttft_ms_p99": 22.210757039986206,
      "tpot_ms_p50": 5.738084500023888,
      "tpot_ms_p95": 7.314247949989294,
      "e2el_ms_p50": 34.63011500002722,
      "e2el_ms_p95": 55.619475000025886,
      "e2el_ms_p99": 58.61328231995685,
      "energy_joules": 3591.9,
      "avg_power_w": 179.5,
      "j_per_req": 6.868,
      "j_per_tok": 1.5921
    },
    {
      "concurrency": 2,
      "wall_s": 20.035,
      "n_completed": 952,
      "n_failed": 0,
      "req_per_s": 47.518,
      "tok_per_s": 204.7,
      "mean_out_tokens": 4.3,
      "goodput_req_per_s": 47.518,
      "ttft_ms_p50": 23.59151100000645,
      "ttft_ms_p95": 25.158015849979165,
      "ttft_ms_p99": 25.68346912000493,
      "tpot_ms_p50": 5.976319400008379,
      "tpot_ms_p95": 6.315791099962098,
      "e2el_ms_p50": 36.83244050006351,
      "e2el_ms_p95": 55.03923579995558,
      "e2el_ms_p99": 55.62742555003865,
      "energy_joules": 3886.7,
      "avg_power_w": 194.4,
      "j_per_req": 4.083,
      "j_per_tok": 0.9477
    },
    {
      "concurrency": 4,
      "wall_s": 20.009,
      "n_completed": 1740,
      "n_failed": 0,
      "req_per_s": 86.962,
      "tok_per_s": 374.4,
      "mean_out_tokens": 4.3,
      "goodput_req_per_s": 86.962,
      "ttft_ms_p50": 25.32142899997325,
      "ttft_ms_p95": 27.2222053500343,
      "ttft_ms_p99": 29.13882028001353,
      "tpot_ms_p50": 6.292340000015884,
      "tpot_ms_p95": 6.755292149996421,
      "e2el_ms_p50": 39.2178969999577,
      "e2el_ms_p95": 58.478326500011235,
      "e2el_ms_p99": 59.65101522000168,
      "energy_joules": 3863.8,
      "avg_power_w": 193.2,
      "j_per_req": 2.221,
      "j_per_tok": 0.5158
    },
    {
      "concurrency": 8,
      "wall_s": 20.044,
      "n_completed": 3280,
      "n_failed": 0,
      "req_per_s": 163.639,
      "tok_per_s": 704.9,
      "mean_out_tokens": 4.3,
      "goodput_req_per_s": 163.639,
      "ttft_ms_p50": 26.82992200004719,
      "ttft_ms_p95": 28.19517254995958,
      "ttft_ms_p99": 29.969710720008624,
      "tpot_ms_p50": 6.683436550014221,
      "tpot_ms_p95": 7.1774078999879976,
      "e2el_ms_p50": 41.35504350000474,
      "e2el_ms_p95": 61.42836564999356,
      "e2el_ms_p99": 62.62485407998725,
      "energy_joules": 3965.7,
      "avg_power_w": 198.6,
      "j_per_req": 1.209,
      "j_per_tok": 0.2807
    },
    {
      "concurrency": 16,
      "wall_s": 20.049,
      "n_completed": 5919,
      "n_failed": 0,
      "req_per_s": 295.221,
      "tok_per_s": 1271.0,
      "mean_out_tokens": 4.3,
      "goodput_req_per_s": 295.221,
      "ttft_ms_p50": 29.41489799991359,
      "ttft_ms_p95": 36.88949550003144,
      "ttft_ms_p99": 38.144733719950636,
      "tpot_ms_p50": 7.134757800008629,
      "tpot_ms_p95": 7.744982350004648,
      "e2el_ms_p50": 50.149925000027906,
      "e2el_ms_p95": 71.1762136000857,
      "e2el_ms_p99": 73.32114338003294,
      "energy_joules": 4118.6,
      "avg_power_w": 205.4,
      "j_per_req": 0.696,
      "j_per_tok": 0.1616
    },
    {
      "concurrency": 32,
      "wall_s": 20.043,
      "n_completed": 9153,
      "n_failed": 0,
      "req_per_s": 456.661,
      "tok_per_s": 1966.1,
      "mean_out_tokens": 4.3,
      "goodput_req_per_s": 456.661,
      "ttft_ms_p50": 44.57081900000048,
      "ttft_ms_p95": 57.98970719997669,
      "ttft_ms_p99": 63.03942427996843,
      "tpot_ms_p50": 7.638344399993002,
      "tpot_ms_p95": 8.906481039975915,
      "e2el_ms_p50": 69.26848200009772,
      "e2el_ms_p95": 91.48906939999506,
      "e2el_ms_p99": 97.29342163998808,
      "energy_joules": 4268.9,
      "avg_power_w": 214.0,
      "j_per_req": 0.466,
      "j_per_tok": 0.1083
    },
    {
      "concurrency": 64,
      "wall_s": 20.046,
      "n_completed": 11175,
      "n_failed": 0,
      "req_per_s": 557.456,
      "tok_per_s": 2400.1,
      "mean_out_tokens": 4.3,
      "goodput_req_per_s": 557.456,
      "ttft_ms_p50": 87.97257800006264,
      "ttft_ms_p95": 99.58199139991848,
      "ttft_ms_p99": 104.24040792000143,
      "tpot_ms_p50": 8.513089000075524,
      "tpot_ms_p95": 10.776630560048943,
      "e2el_ms_p50": 113.4331050000128,
      "e2el_ms_p95": 141.3847273999636,
      "e2el_ms_p99": 145.8211513800734,
      "energy_joules": 4219.6,
      "avg_power_w": 211.4,
      "j_per_req": 0.378,
      "j_per_tok": 0.0877
    },
    {
      "concurrency": 128,
      "wall_s": 20.109,
      "n_completed": 12710,
      "n_failed": 0,
      "req_per_s": 632.041,
      "tok_per_s": 2720.8,
      "mean_out_tokens": 4.3,
      "goodput_req_per_s": 615.432,
      "ttft_ms_p50": 162.83724699997038,
      "ttft_ms_p95": 193.5965725500182,
      "ttft_ms_p99": 208.82961268002646,
      "tpot_ms_p50": 11.785723400043935,
      "tpot_ms_p95": 17.414046425000148,
      "e2el_ms_p50": 200.44811850004862,
      "e2el_ms_p95": 239.56549014989145,
      "e2el_ms_p99": 252.634915840008,
      "energy_joules": 4245.4,
      "avg_power_w": 211.7,
      "j_per_req": 0.334,
      "j_per_tok": 0.0776
    },
    {
      "concurrency": 256,
      "wall_s": 20.261,
      "n_completed": 13544,
      "n_failed": 0,
      "req_per_s": 668.466,
      "tok_per_s": 2877.9,
      "mean_out_tokens": 4.3,
      "goodput_req_per_s": 0.247,
      "ttft_ms_p50": 355.34079950002706,
      "ttft_ms_p95": 397.9636714000207,
      "ttft_ms_p99": 415.6395777698799,
      "tpot_ms_p50": 8.360903150025933,
      "tpot_ms_p95": 16.002935965059343,
      "e2el_ms_p50": 381.3425294999888,
      "e2el_ms_p95": 437.0533942498355,
      "e2el_ms_p99": 462.95678733997414,
      "energy_joules": 4377.5,
      "avg_power_w": 217.1,
      "j_per_req": 0.323,
      "j_per_tok": 0.0751
    }
  ]
}