{
  "gpu": "L40S",
  "model": "guard1b",
  "max_tokens": 600,
  "gpu_price_usd_hr": 1.95,
  "vram_gb": 48,
  "force_generate": true,
  "mean_out_tokens_saturated": 600.0,
  "qps_per_replica": 31.571,
  "latency_s_unloaded": 3.6178446789999725,
  "tok_per_s_saturated": 18942.3,
  "goodput_at_saturation": 0.0,
  "j_per_tok_saturated": 0.0167,
  "avg_power_w_saturated": 316.8,
  "rungs": [
    {
      "concurrency": 1,
      "wall_s": 21.679,
      "n_completed": 6,
      "n_failed": 0,
      "req_per_s": 0.277,
      "tok_per_s": 166.1,
      "mean_out_tokens": 600.0,
      "goodput_req_per_s": 0.0,
      "ttft_ms_p50": 19.116103999976986,
      "ttft_ms_p95": 23.50051575007228,
      "ttft_ms_p99": 24.572394350059312,
      "tpot_ms_p50": 6.003235491652731,
      "tpot_ms_p95": 6.013120967028323,
      "e2el_ms_p50": 3617.8446789999725,
      "e2el_ms_p95": 3620.9597352499827,
      "e2el_ms_p99": 3621.1601406499653,
      "energy_joules": 4534.7,
      "avg_power_w": 210.0,
      "j_per_req": 755.782,
      "j_per_tok": 1.2596
    },
    {
      "concurrency": 2,
      "wall_s": 22.998,
      "n_completed": 12,
      "n_failed": 0,
      "req_per_s": 0.522,
      "tok_per_s": 313.1,
      "mean_out_tokens": 600.0,
      "goodput_req_per_s": 0.0,
      "ttft_ms_p50": 24.210439000057704,
      "ttft_ms_p95": 27.89344354998775,
      "ttft_ms_p99": 28.088926309997078,
      "tpot_ms_p50": 6.167024710350593,
      "tpot_ms_p95": 7.177798198080107,
      "e2el_ms_p50": 3718.4072344999777,
      "e2el_ms_p95": 4324.693998849977,
      "e2el_ms_p99": 4324.829709369922,
      "energy_joules": 4460.4,
      "avg_power_w": 194.7,
      "j_per_req": 371.704,
      "j_per_tok": 0.6195
    },
    {
      "concurrency": 4,
      "wall_s": 20.282,
      "n_completed": 20,
      "n_failed": 0,
      "req_per_s": 0.986,
      "tok_per_s": 591.7,
      "mean_out_tokens": 600.0,
      "goodput_req_per_s": 0.0,
      "ttft_ms_p50": 31.36234850001074,
      "ttft_ms_p95": 34.81686144997411,
      "ttft_ms_p99": 35.103312290068516,
      "tpot_ms_p50": 6.728528459933073,
      "tpot_ms_p95": 7.014948782220384,
      "e2el_ms_p50": 4062.1411910000234,
      "e2el_ms_p95": 4230.9791417501065,
      "e2el_ms_p99": 4231.9377867499425,
      "energy_joules": 3868.5,
      "avg_power_w": 191.5,
      "j_per_req": 193.425,
      "j_per_tok": 0.3224
    },
    {
      "concurrency": 8,
      "wall_s": 22.921,
      "n_completed": 48,
      "n_failed": 0,
      "req_per_s": 2.094,
      "tok_per_s": 1256.5,
      "mean_out_tokens": 600.0,
      "goodput_req_per_s": 0.0,
      "ttft_ms_p50": 35.16410400004588,
      "ttft_ms_p95": 53.31463039990467,
      "ttft_ms_p99": 53.770385600121244,
      "tpot_ms_p50": 6.307712312187036,
      "tpot_ms_p95": 6.485755097162097,
      "e2el_ms_p50": 3811.15963000002,
      "e2el_ms_p95": 3938.420218000067,
      "e2el_ms_p99": 3938.8846607901223,
      "energy_joules": 4649.1,
      "avg_power_w": 203.0,
      "j_per_req": 96.855,
      "j_per_tok": 0.1614
    },
    {
      "concurrency": 16,
      "wall_s": 23.124,
      "n_completed": 96,
      "n_failed": 0,
      "req_per_s": 4.151,
      "tok_per_s": 2490.9,
      "mean_out_tokens": 600.0,
      "goodput_req_per_s": 0.0,
      "ttft_ms_p50": 44.60367000012866,
      "ttft_ms_p95": 47.67023125009473,
      "ttft_ms_p99": 47.91574095004307,
      "tpot_ms_p50": 6.283403311352289,
      "tpot_ms_p95": 6.678814080133556,
      "e2el_ms_p50": 3806.975346999934,
      "e2el_ms_p95": 4043.7001295000528,
      "e2el_ms_p99": 4043.711081300137,
      "energy_joules": 4973.9,
      "avg_power_w": 215.3,
      "j_per_req": 51.812,
      "j_per_tok": 0.0864
    },
    {
      "concurrency": 32,
      "wall_s": 22.1,
      "n_completed": 160,
      "n_failed": 0,
      "req_per_s": 7.24,
      "tok_per_s": 4343.9,
      "mean_out_tokens": 600.0,
      "goodput_req_per_s": 0.0,
      "ttft_ms_p50": 65.6692215000021,
      "ttft_ms_p95": 70.94291210013353,
      "ttft_ms_p99": 71.54140237995534,
      "tpot_ms_p50": 7.288481282971521,
      "tpot_ms_p95": 7.604875361519309,
      "e2el_ms_p50": 4430.582944999969,
      "e2el_ms_p95": 4623.608551750055,
      "e2el_ms_p99": 4624.442153730026,
      "energy_joules": 5024.2,
      "avg_power_w": 227.4,
      "j_per_req": 31.401,
      "j_per_tok": 0.0523
    },
    {
      "concurrency": 64,
      "wall_s": 23.196,
      "n_completed": 320,
      "n_failed": 0,
      "req_per_s": 13.796,
      "tok_per_s": 8277.4,
      "mean_out_tokens": 600.0,
      "goodput_req_per_s": 0.0,
      "ttft_ms_p50": 97.23334699992847,
      "ttft_ms_p95": 108.56894855002112,
      "ttft_ms_p99": 111.22052114003736,
      "tpot_ms_p50": 7.49916881051766,
      "tpot_ms_p95": 7.754565165024745,
      "e2el_ms_p50": 4582.706101999861,
      "e2el_ms_p95": 4742.816690449979,
      "e2el_ms_p99": 4744.082191740106,
      "energy_joules": 6086.7,
      "avg_power_w": 262.6,
      "j_per_req": 19.021,
      "j_per_tok": 0.0317
    },
    {
      "concurrency": 128,
      "wall_s": 20.819,
      "n_completed": 512,
      "n_failed": 0,
      "req_per_s": 24.592,
      "tok_per_s": 14755.4,
      "mean_out_tokens": 600.0,
      "goodput_req_per_s": 0.0,
      "ttft_ms_p50": 153.182018999928,
      "ttft_ms_p95": 175.5454912499431,
      "ttft_ms_p99": 181.90253697988965,
      "tpot_ms_p50": 8.392772859766215,
      "tpot_ms_p95": 8.55438523171957,
      "e2el_ms_p50": 5184.186703500131,
      "e2el_ms_p95": 5274.997190849933,
      "e2el_ms_p99": 5275.529051719927,
      "energy_joules": 6490.6,
      "avg_power_w": 312.5,
      "j_per_req": 12.677,
      "j_per_tok": 0.0211
    },
    {
      "concurrency": 256,
      "wall_s": 24.326,
      "n_completed": 768,
      "n_failed": 0,
      "req_per_s": 31.571,
      "tok_per_s": 18942.3,
      "mean_out_tokens": 600.0,
      "goodput_req_per_s": 0.0,
      "ttft_ms_p50": 278.6174905000962,
      "ttft_ms_p95": 557.2761887499837,
      "ttft_ms_p99": 719.2331149901042,
      "tpot_ms_p50": 12.909633545075033,
      "tpot_ms_p95": 13.55068455242074,
      "e2el_ms_p50": 8054.810744000065,
      "e2el_ms_p95": 8401.587592350028,
      "e2el_ms_p99": 8404.261653029978,
      "energy_joules": 7694.0,
      "avg_power_w": 316.8,
      "j_per_req": 10.018,
      "j_per_tok": 0.0167
    }
  ]
}